customerId,firstName,lastName,email,gender,contactNo,country,dateOfBirth,age
1,Korney,Francis,kfrancis0@thetimes.co.uk,Female,1669020517,Peru,1/23/2024,43
2,Hyacinthe,Seine,hseine1@nyu.edu,Female,7423620351,Thailand,11/13/2024,38
3,Kissie,Schukert,kschukert2@sourceforge.net,Female,5282443538,Indonesia,9/10/2024,67
4,Peterus,Lepard,plepard3@imageshack.us,Male,6842942314,Indonesia,1/1/2024,99
5,Tierney,Killingbeck,tkillingbeck4@gmpg.org,Female,9545215852,China,6/24/2024,64
6,Warden,Sang,wsang5@flavors.me,Male,9813867485,Israel,5/2/2024,42
7,Reinold,Bluett,rbluett6@adobe.com,Male,0987593072,Suriname,7/31/2024,1
8,Elisha,Reynoldson,ereynoldson7@omniture.com,Female,5410241096,Sweden,6/23/2024,85
9,Bren,Pretsell,bpretsell8@odnoklassniki.ru,Male,6461438173,Philippines,1/20/2024,34
10,Kelci,Toplin,ktoplin9@hhs.gov,Female,9658571085,Russia,5/19/2024,69
11,Sharai,Jankiewicz,sjankiewicza@naver.com,Female,7121676877,Indonesia,10/28/2024,57
12,Aluino,Brandel,abrandelb@addthis.com,Male,3460360836,United States,10/10/2024,73
13,Darsie,Weatherup,dweatherupc@eepurl.com,Female,5175046713,Russia,6/25/2024,40
14,Court,Want,cwantd@friendfeed.com,Male,5151078631,Mauritius,1/2/2024,62
15,Andrey,Vere,averee@accuweather.com,Male,5325970828,China,2/2/2024,26
16,Bevon,Ridde,briddef@cdbaby.com,Male,9078046902,Philippines,3/31/2024,86
17,Dante,Suero,dsuerog@ft.com,Male,1433500574,Mexico,1/8/2024,68
18,Elle,Polglase,epolglaseh@pinterest.com,Female,1711725188,China,6/9/2024,6
19,Cosetta,Ivanovic,civanovici@drupal.org,Female,7818645004,Brazil,6/16/2024,12
20,Devan,Toderini,dtoderinij@vistaprint.com,Female,8545393423,Vietnam,7/21/2024,62
21,Brooke,Mateuszczyk,bmateuszczykk@fotki.com,Female,2098127758,Greece,6/20/2024,6
22,Portie,McCromley,pmccromleyl@chicagotribune.com,Male,0070803765,Poland,1/16/2024,35
23,Homere,Hyslop,hhyslopm@usnews.com,Male,1588384160,Philippines,11/11/2024,56
24,Dill,Fitzer,dfitzern@hc360.com,Male,0649539249,Indonesia,7/12/2024,70
25,Mike,Molloy,mmolloyo@devhub.com,Male,3857383828,Thailand,5/16/2024,62
26,Enrichetta,Raeside,eraesidep@tripadvisor.com,Female,2701215099,Myanmar,9/1/2024,39
27,Lilias,Lukovic,llukovicq@cdbaby.com,Agender,7635704230,Pakistan,10/24/2024,18
28,Gav,Plomer,gplomerr@pinterest.com,Male,1085462242,Russia,10/13/2024,56
29,Rudolph,Whitta,rwhittas@behance.net,Male,1587017148,Russia,10/2/2024,18
30,Isac,Scorton,iscortont@tuttocitta.it,Male,7625698955,Thailand,10/28/2024,21
31,Jemima,Dorn,jdornu@xrea.com,Female,5207200003,Chile,5/4/2024,83
32,Jedidiah,Warhurst,jwarhurstv@salon.com,Male,1124553355,Indonesia,1/30/2024,35
33,Bron,Houlridge,bhoulridgew@phpbb.com,Male,8353366762,Finland,5/29/2024,68
34,Murvyn,Amoore,mamoorex@delicious.com,Male,1879741458,China,8/11/2024,71
35,Pier,Silverman,psilvermany@dion.ne.jp,Female,2819726178,Palestinian Territory,9/8/2024,67
36,Barrie,O'Shevlin,boshevlinz@sphinn.com,Female,0753699052,Russia,4/13/2024,37
37,Rudie,Bunt,rbunt10@pbs.org,Male,9909246937,China,12/31/2023,13
38,Orlando,Bosket,obosket11@google.ru,Male,4229523734,Serbia,11/29/2023,12
39,Bone,Kryzhov,bkryzhov12@webmd.com,Male,0071735933,Sweden,1/29/2024,67
40,Lodovico,Lippitt,llippitt13@bbb.org,Male,3744534707,Philippines,7/3/2024,75
41,Bee,Otley,botley14@foxnews.com,Female,2989735461,Armenia,11/7/2024,65
42,Ossie,Temperton,otemperton15@1und1.de,Male,2116575532,Russia,7/12/2024,36
43,Amie,Stoll,astoll16@disqus.com,Female,4848938856,Indonesia,6/11/2024,15
44,Diego,Bollen,dbollen17@sitemeter.com,Male,4517761304,China,7/29/2024,74
45,Pepillo,Whitemarsh,pwhitemarsh18@hubpages.com,Male,3251820079,Indonesia,5/15/2024,48
46,Maiga,Melonby,mmelonby19@dion.ne.jp,Female,6838075849,Bulgaria,10/30/2024,14
47,Faye,Seabright,fseabright1a@accuweather.com,Female,0004902602,Democratic Republic of the Congo,11/15/2024,63
48,Reynolds,Brigman,rbrigman1b@msn.com,Male,2231442566,Brazil,10/18/2024,3
49,Isabelle,Davidovici,idavidovici1c@biglobe.ne.jp,Female,0048841447,Nigeria,8/14/2024,48
50,Symon,Duesberry,sduesberry1d@facebook.com,Polygender,3957619653,Indonesia,9/20/2024,95
51,Chaunce,Bromidge,cbromidge1e@canalblog.com,Male,7655900078,Indonesia,4/25/2024,2
52,Udall,Burrells,uburrells1f@symantec.com,Male,3221973608,Pakistan,6/19/2024,100
53,Frans,Manass,fmanass1g@craigslist.org,Bigender,0388761490,Greece,6/5/2024,63
54,Meyer,Murfill,mmurfill1h@earthlink.net,Male,0681313617,Brazil,1/27/2024,48
55,Bailey,Sommers,bsommers1i@ted.com,Male,1665939419,Syria,10/30/2024,1
56,Joanne,Liebermann,jliebermann1j@merriam-webster.com,Female,9672204248,China,3/25/2024,57
57,Cherilyn,Molden,cmolden1k@unesco.org,Female,0454311621,China,8/25/2024,29
58,Malorie,Sisse,msisse1l@stanford.edu,Female,4988055434,Indonesia,9/8/2024,53
59,Sharia,Allwood,sallwood1m@wunderground.com,Female,9391816673,China,5/20/2024,52
60,Lilli,Marran,lmarran1n@prweb.com,Female,4903381730,Nicaragua,2/16/2024,59
61,Ninon,Glendinning,nglendinning1o@domainmarket.com,Female,4782505329,Sweden,1/1/2024,41
62,Sherill,Hatherleigh,shatherleigh1p@fotki.com,Female,8671775488,Thailand,5/19/2024,31
63,Terza,MacAiline,tmacailine1q@ehow.com,Female,2727742134,Indonesia,10/9/2024,96
64,Verne,Risso,vrisso1r@businesswire.com,Male,7922229755,Thailand,3/22/2024,51
65,Symon,Victory,svictory1s@so-net.ne.jp,Male,2217528998,Russia,12/15/2023,28
66,Aloin,Bohlens,abohlens1t@netlog.com,Male,3540915338,Peru,11/15/2024,75
67,Claybourne,Yakobovicz,cyakobovicz1u@dedecms.com,Male,4583902573,China,2/16/2024,4
68,Phil,Thomen,pthomen1v@cisco.com,Male,4070052364,Azerbaijan,2/17/2024,97
69,Marga,Jeavon,mjeavon1w@si.edu,Female,2704511071,Indonesia,1/10/2024,48
70,Crysta,Froment,cfroment1x@reuters.com,Female,5929897476,Poland,7/25/2024,78
71,Ermentrude,Trevain,etrevain1y@artisteer.com,Female,3892459630,Russia,9/20/2024,95
72,Guillemette,Bagguley,gbagguley1z@blog.com,Female,9188895793,Thailand,3/14/2024,51
73,Sheree,Abrahamsson,sabrahamsson20@bandcamp.com,Female,4698119154,Portugal,1/21/2024,99
74,Davie,Chasemore,dchasemore21@soup.io,Male,3278561104,Colombia,5/11/2024,89
75,Chadwick,Goosnell,cgoosnell22@sina.com.cn,Male,2799578365,Brazil,12/21/2023,20
76,Barbabra,Turton,bturton23@squidoo.com,Female,1458530353,France,9/29/2024,26
77,Jefferson,Jopling,jjopling24@mozilla.com,Male,9123703512,United States,6/9/2024,42
78,Lorenzo,Bahike,lbahike25@rediff.com,Male,1861771185,China,2/21/2024,68
79,Alyssa,Whitehall,awhitehall26@virginia.edu,Female,6870513856,Honduras,9/10/2024,12
80,Karilynn,Grinsdale,kgrinsdale27@addtoany.com,Female,1859626610,Ireland,12/15/2023,51
81,Daniel,Holson,dholson28@4shared.com,Male,4717514513,France,10/2/2024,87
82,Aurora,MacGauhy,amacgauhy29@creativecommons.org,Genderqueer,8584833102,Russia,5/14/2024,69
83,Vi,Ravenscraft,vravenscraft2a@npr.org,Female,3567452363,Poland,10/26/2024,63
84,Maddalena,Advani,madvani2b@skype.com,Female,6810142304,Ukraine,12/8/2023,100
85,Sallie,Diboll,sdiboll2c@about.com,Female,2893965059,Canada,8/12/2024,76
86,Dukie,Simacek,dsimacek2d@bloglines.com,Male,2787738907,Philippines,12/6/2023,72
87,Shaina,Hayller,shayller2e@arizona.edu,Female,4738835440,Thailand,4/6/2024,31
88,Eunice,Kirtlan,ekirtlan2f@geocities.com,Female,5690447501,Pitcairn,1/23/2024,16
89,Mayne,Quincey,mquincey2g@elegantthemes.com,Genderfluid,7876317065,Indonesia,8/3/2024,96
90,Chane,Balharry,cbalharry2h@amazon.co.uk,Male,4662500958,Azerbaijan,12/2/2023,100
91,Sheree,Matuska,smatuska2i@myspace.com,Female,0696561263,Uganda,12/12/2023,90
92,Mohandas,Defries,mdefries2j@reuters.com,Male,8848064299,Indonesia,4/3/2024,19
93,Brittni,Safhill,bsafhill2k@unblog.fr,Female,0869495399,China,6/14/2024,71
94,Dorri,Maliphant,dmaliphant2l@ihg.com,Female,2077310316,China,10/4/2024,73
95,Jo ann,Carrigan,jcarrigan2m@cargocollective.com,Female,9748069605,Thailand,8/8/2024,82
96,Pierson,Roskams,proskams2n@parallels.com,Male,3797677421,Mongolia,3/16/2024,35
97,Alick,Rivilis,arivilis2o@bandcamp.com,Male,2277472255,Brazil,4/4/2024,100
98,Thomasin,McCane,tmccane2p@intel.com,Female,8672087151,Vietnam,9/12/2024,7
99,Codee,Boerder,cboerder2q@dailymail.co.uk,Female,3023304971,Russia,9/26/2024,25
100,Vivyan,St Ledger,vstledger2r@g.co,Female,3854987684,Sweden,10/27/2024,75
101,Germayne,Arends,garends2s@disqus.com,Male,9794087378,Philippines,11/17/2024,8
102,Noland,Trouncer,ntrouncer2t@pbs.org,Male,0220720347,Indonesia,6/2/2024,82
103,Brooke,Kilmaster,bkilmaster2u@intel.com,Female,9780187421,Palestinian Territory,1/12/2024,53
104,Phip,Chisman,pchisman2v@adobe.com,Male,7992913132,Slovenia,12/18/2023,11
105,Giuditta,Linwood,glinwood2w@uiuc.edu,Female,4549060123,Portugal,9/23/2024,55
106,Falkner,Cayzer,fcayzer2x@naver.com,Male,4701472263,Japan,7/25/2024,65
107,Claire,Darnbrough,cdarnbrough2y@g.co,Male,4056302944,United States,5/6/2024,19
108,Conney,Toynbee,ctoynbee2z@discovery.com,Genderfluid,2111618152,Tunisia,11/23/2023,48
109,Armando,Casaletto,acasaletto30@washingtonpost.com,Male,3482816387,Slovenia,2/4/2024,18
110,Nanni,Mullany,nmullany31@i2i.jp,Female,9570555084,China,7/28/2024,65
111,Freddy,Rewcastle,frewcastle32@mysql.com,Male,3052541382,Portugal,8/20/2024,79
112,Syman,Groll,sgroll33@sina.com.cn,Male,5327818756,North Korea,8/27/2024,52
113,Salmon,Bordman,sbordman34@seattletimes.com,Male,5700185601,Brazil,3/2/2024,14
114,Igor,Whelan,iwhelan35@symantec.com,Male,7489718902,Bosnia and Herzegovina,5/5/2024,23
115,Ferguson,Doxey,fdoxey36@1688.com,Male,6556632627,China,2/1/2024,66
116,Ronda,Moret,rmoret37@whitehouse.gov,Female,8240703186,Nigeria,2/27/2024,98
117,Rabbi,Rusk,rrusk38@nbcnews.com,Male,2086662424,Panama,4/22/2024,1
118,Rosemary,Coltman,rcoltman39@linkedin.com,Female,6083964784,China,3/18/2024,46
119,Olin,Ryce,oryce3a@g.co,Male,3221062575,China,11/20/2024,33
120,Georas,Hagergham,ghagergham3b@so-net.ne.jp,Male,3635347159,Brazil,9/28/2024,91
121,Humbert,Moehle,hmoehle3c@who.int,Male,5680339110,Armenia,11/7/2024,31
122,Haze,Pray,hpray3d@guardian.co.uk,Male,2460389787,Mexico,2/11/2024,58
123,Lonnie,Gerretsen,lgerretsen3e@arizona.edu,Female,1809169321,Russia,4/7/2024,15
124,Jeniece,Ballintime,jballintime3f@pagesperso-orange.fr,Female,0470628502,Canada,4/9/2024,93
125,Neely,Oscroft,noscroft3g@bravesites.com,Female,9571585696,Pakistan,3/6/2024,8
126,Zelda,Croix,zcroix3h@plala.or.jp,Female,9108726175,Greece,8/4/2024,61
127,Violante,Dowell,vdowell3i@com.com,Female,7137509428,Kazakhstan,1/26/2024,77
128,John,Byfford,jbyfford3j@stanford.edu,Male,6222298672,Indonesia,2/3/2024,98
129,Sigismondo,Dommerque,sdommerque3k@paypal.com,Male,2328255566,Czech Republic,6/15/2024,32
130,Giffer,Verma,gverma3l@earthlink.net,Male,7585841345,Poland,8/11/2024,50
131,Dun,Filpi,dfilpi3m@ted.com,Male,1139643177,Mongolia,4/16/2024,26
132,Blondy,Jeness,bjeness3n@irs.gov,Female,3847870092,Argentina,4/3/2024,46
133,Orson,Cornborough,ocornborough3o@elpais.com,Bigender,1255122668,Czech Republic,6/12/2024,50
134,Marty,Dunnaway,mdunnaway3p@geocities.jp,Female,8936701487,Brazil,12/10/2023,96
135,Leeann,Cressey,lcressey3q@bravesites.com,Female,1417057106,Indonesia,1/13/2024,28
136,Ethan,Govan,egovan3r@so-net.ne.jp,Male,3969132800,China,2/27/2024,48
137,Cal,Djordjevic,cdjordjevic3s@eepurl.com,Agender,2783260867,Poland,11/7/2024,45
138,Valery,Revening,vrevening3t@oaic.gov.au,Female,3713001618,South Africa,2/18/2024,88
139,Tye,Convery,tconvery3u@51.la,Male,6099274057,Ireland,12/25/2023,38
140,Valentin,Edwardson,vedwardson3v@ca.gov,Male,6239637580,China,4/2/2024,62
141,Rab,Kime,rkime3w@jigsy.com,Male,7453495253,Kazakhstan,10/29/2024,33
142,Gale,Johnsee,gjohnsee3x@shareasale.com,Male,6114435877,Indonesia,5/7/2024,82
143,Aldon,Kelcey,akelcey3y@pcworld.com,Male,9797447030,Bolivia,3/24/2024,86
144,Taber,Haynesford,thaynesford3z@jigsy.com,Male,8542190114,China,12/24/2023,43
145,Jerrilee,Quinnet,jquinnet40@berkeley.edu,Agender,4243098298,Poland,8/2/2024,31
146,Anne-marie,Scase,ascase41@seattletimes.com,Female,6750219381,Bulgaria,8/25/2024,39
147,Batholomew,McClune,bmcclune42@cisco.com,Male,2261519168,Poland,4/26/2024,100
148,Holden,Ropartz,hropartz43@ucla.edu,Male,8342238679,Indonesia,10/14/2024,93
149,Darline,Lundie,dlundie44@dmoz.org,Female,1954731159,South Korea,12/22/2023,36
150,Terrill,Deignan,tdeignan45@etsy.com,Male,0142165980,Brazil,3/30/2024,72
151,Layney,Simonot,lsimonot46@theatlantic.com,Female,2471214649,Indonesia,9/27/2024,86
152,Rollo,McAlinion,rmcalinion47@hugedomains.com,Male,1415580510,Indonesia,12/2/2023,50
153,Gardie,Waith,gwaith48@yandex.ru,Bigender,5515955161,China,8/4/2024,66
154,Cornell,Antoni,cantoni49@gizmodo.com,Male,8111991924,Indonesia,2/12/2024,100
155,Caron,Cuell,ccuell4a@marriott.com,Bigender,0371544041,Sierra Leone,5/13/2024,18
156,Bradly,Ferrandez,bferrandez4b@people.com.cn,Male,5008489801,China,3/6/2024,87
157,Godfrey,Schimon,gschimon4c@yale.edu,Male,4374982272,Indonesia,9/9/2024,21
158,Tasha,Keeling,tkeeling4d@cnn.com,Female,2012964540,Guatemala,12/29/2023,10
159,Con,Fuller,cfuller4e@clickbank.net,Genderqueer,3113331218,China,11/18/2024,58
160,Elvina,Leicester,eleicester4f@theguardian.com,Female,6274588833,Vietnam,6/28/2024,57
161,Marja,Smeal,msmeal4g@theguardian.com,Female,9326064794,China,6/16/2024,23
162,Reeba,Boxell,rboxell4h@google.es,Female,4441578016,Israel,6/20/2024,41
163,Kerrill,Covendon,kcovendon4i@mediafire.com,Female,9937483689,Ukraine,3/17/2024,33
164,Byrom,Carlon,bcarlon4j@uiuc.edu,Male,0719528038,Ethiopia,11/3/2024,8
165,Grover,Dunbobin,gdunbobin4k@people.com.cn,Male,7554457802,Indonesia,10/23/2024,58
166,Aileen,Osselton,aosselton4l@hc360.com,Female,2445422442,France,6/9/2024,84
167,Kristofer,Jess,kjess4m@guardian.co.uk,Male,2138311279,Nicaragua,4/1/2024,94
168,Sherrie,Sapena,ssapena4n@dagondesign.com,Agender,9498170533,Czech Republic,10/10/2024,81
169,Teador,Nother,tnother4o@uol.com.br,Male,4451742560,Poland,5/16/2024,80
170,Daveen,Bazylets,dbazylets4p@etsy.com,Female,9417649175,Indonesia,11/12/2024,86
171,Dre,Mitcheson,dmitcheson4q@free.fr,Female,6803426238,Czech Republic,4/1/2024,32
172,Debbi,Gillingham,dgillingham4r@wikipedia.org,Female,6512889215,Colombia,10/8/2024,94
173,Lenette,Tetther,ltetther4s@sfgate.com,Female,0173765521,Brazil,7/11/2024,99
174,Chucho,Getcliff,cgetcliff4t@multiply.com,Male,7706711692,Russia,12/27/2023,61
175,Lilias,Buckney,lbuckney4u@sciencedirect.com,Female,1458193527,China,6/9/2024,76
176,Lilah,Adcock,ladcock4v@themeforest.net,Female,7357144534,China,11/9/2024,12
177,Anastasia,Jacquemard,ajacquemard4w@booking.com,Female,3929246058,Portugal,5/6/2024,45
178,Gare,Rilston,grilston4x@indiatimes.com,Male,0279798482,Philippines,2/17/2024,90
179,Yardley,Chesser,ychesser4y@wufoo.com,Male,5933682195,United States,7/13/2024,58
180,Rourke,Waiton,rwaiton4z@mac.com,Male,2367410216,Indonesia,1/10/2024,8
181,Rustie,Cremer,rcremer50@umich.edu,Male,2592656529,Croatia,8/14/2024,59
182,Debor,Nel,dnel51@cpanel.net,Non-binary,8482720430,Indonesia,6/24/2024,57
183,Gaby,Tichner,gtichner52@exblog.jp,Female,9161366676,Japan,12/17/2023,75
184,Amalita,Wilbor,awilbor53@java.com,Female,8361331654,Greece,6/18/2024,49
185,Janifer,Domini,jdomini54@vkontakte.ru,Female,5353796721,Argentina,10/13/2024,1
186,Rutledge,Dowey,rdowey55@free.fr,Male,0652645682,China,11/10/2024,45
187,Jenica,Siebert,jsiebert56@github.com,Female,7083906378,Japan,10/6/2024,25
188,Marika,Barde,mbarde57@nature.com,Female,4294602473,France,12/20/2023,95
189,Stinky,Loveard,sloveard58@furl.net,Male,2034611802,Vietnam,1/10/2024,41
190,Ellswerth,Posse,eposse59@github.io,Male,5349450840,Mongolia,11/6/2024,57
191,Alma,Heale,aheale5a@mail.ru,Female,0882910302,Afghanistan,4/16/2024,52
192,Deena,Brenstuhl,dbrenstuhl5b@wikipedia.org,Female,2257674979,China,12/2/2023,15
193,Dew,Olland,dolland5c@hao123.com,Male,5468102455,China,5/8/2024,17
194,Elizabeth,Dillon,edillon5d@google.co.uk,Polygender,3048986561,China,7/19/2024,11
195,Dorice,Rawcliffe,drawcliffe5e@mapquest.com,Female,3662878658,Croatia,6/22/2024,19
196,Lydia,Mannie,lmannie5f@biglobe.ne.jp,Female,2347952005,Indonesia,3/8/2024,66
197,Datha,Tambling,dtambling5g@bbc.co.uk,Female,1378035321,France,1/22/2024,21
198,Cameron,Tight,ctight5h@ustream.tv,Male,5856934814,Czech Republic,2/16/2024,55
199,Caren,Scrivens,cscrivens5i@is.gd,Polygender,5174004960,Palestinian Territory,2/16/2024,96
200,Hamid,Braganca,hbraganca5j@163.com,Male,9356500517,China,9/1/2024,3
201,Alanah,Pena,apena5k@sfgate.com,Female,2516733364,Ukraine,1/15/2024,29
202,Janie,Raoul,jraoul5l@walmart.com,Female,2359242865,Ghana,7/3/2024,39
203,Crista,Humpherston,chumpherston5m@mapquest.com,Female,2702441157,Botswana,1/10/2024,76
204,Linnet,Normington,lnormington5n@wikia.com,Female,2426982705,China,6/29/2024,84
205,Georas,Wastell,gwastell5o@mapy.cz,Male,6398220528,China,10/31/2024,62
206,Patrica,Cottage,pcottage5p@theatlantic.com,Genderqueer,8555352657,Ecuador,12/19/2023,22
207,Steward,Menghi,smenghi5q@flickr.com,Male,0158499336,China,1/19/2024,41
208,Griff,Hewins,ghewins5r@weibo.com,Male,2724074351,Indonesia,5/7/2024,6
209,Margette,Iacovozzo,miacovozzo5s@deviantart.com,Female,1769567534,Tajikistan,3/4/2024,90
210,Frederique,Ditchett,fditchett5t@aboutads.info,Female,0530255383,Indonesia,8/10/2024,37
211,Linus,Devenish,ldevenish5u@sakura.ne.jp,Male,1180167783,United States,7/31/2024,58
212,Amery,Devey,adevey5v@apache.org,Male,2745082221,China,9/19/2024,59
213,Ernestus,Shickle,eshickle5w@amazon.co.uk,Male,8059376462,Brazil,11/1/2024,34
214,Garvey,Allaway,gallaway5x@mayoclinic.com,Male,0492384401,France,1/30/2024,16
215,Allistir,Wisden,awisden5y@ucoz.ru,Male,3344974033,Morocco,10/18/2024,42
216,Levon,Ziem,lziem5z@google.pl,Male,8951894037,Botswana,10/4/2024,59
217,Terry,Grinnell,tgrinnell60@alibaba.com,Male,4229618190,China,8/8/2024,58
218,Baudoin,Claybourn,bclaybourn61@plala.or.jp,Male,8380253531,Mexico,8/15/2024,51
219,Gun,McGahey,gmcgahey62@jalbum.net,Male,4389338234,Brazil,4/11/2024,61
220,Cecil,Picopp,cpicopp63@wunderground.com,Male,1413199488,Libya,11/12/2024,98
221,Cristobal,D'eye,cdeye64@ucla.edu,Agender,7809937308,Philippines,4/2/2024,31
222,Pincus,Scarffe,pscarffe65@instagram.com,Male,0538859261,Indonesia,8/27/2024,45
223,Timothee,Lumsdall,tlumsdall66@about.me,Male,5565837731,China,3/26/2024,10
224,Bogey,Tufts,btufts67@nasa.gov,Male,6241597302,Canada,7/8/2024,23
225,Tomkin,Gehrels,tgehrels68@mapy.cz,Male,9936000064,China,8/9/2024,3
226,Vivi,Skeggs,vskeggs69@fc2.com,Female,9165125975,Philippines,3/17/2024,89
227,Renell,Schrader,rschrader6a@xing.com,Female,2455665577,Japan,9/4/2024,15
228,Riobard,Iwaszkiewicz,riwaszkiewicz6b@domainmarket.com,Polygender,4369729289,Brazil,1/24/2024,14
229,Melamie,Knappen,mknappen6c@yelp.com,Genderqueer,9498080518,Indonesia,5/15/2024,5
230,Violetta,Bernhardi,vbernhardi6d@huffingtonpost.com,Female,9897581308,United States,1/22/2024,90
231,Godart,McCully,gmccully6e@nba.com,Male,2608834876,Falkland Islands,5/6/2024,71
232,Jaclyn,Penddreth,jpenddreth6f@princeton.edu,Female,9156834888,Portugal,6/3/2024,70
233,Shayne,Petett,spetett6g@freewebs.com,Female,4005673376,Malaysia,9/8/2024,65
234,Gabrila,Petkens,gpetkens6h@youtube.com,Female,2913504698,Morocco,5/28/2024,96
235,Elfie,Sugg,esugg6i@yahoo.com,Genderfluid,5639526386,Bulgaria,3/17/2024,17
236,Reinaldo,Mattheeuw,rmattheeuw6j@dot.gov,Male,7789549464,Greece,7/7/2024,31
237,Moselle,Kerman,mkerman6k@ca.gov,Female,6718370908,Croatia,9/3/2024,41
238,Samuel,Thody,sthody6l@nba.com,Male,1487903014,Canada,12/10/2023,89
239,Stafford,Duprey,sduprey6m@prweb.com,Male,9100771279,Poland,12/21/2023,76
240,Bartie,Emslie,bemslie6n@craigslist.org,Male,0523054793,Indonesia,1/11/2024,40
241,Lanette,Dallaghan,ldallaghan6o@berkeley.edu,Genderqueer,2047536383,East Timor,2/23/2024,75
242,Miguel,Montel,mmontel6p@telegraph.co.uk,Male,6683571120,Slovenia,6/23/2024,29
243,Etti,Togwell,etogwell6q@soup.io,Female,5722803421,Poland,3/22/2024,31
244,Livvy,Kolyagin,lkolyagin6r@free.fr,Female,3775784489,Mauritius,11/21/2023,5
245,Baudoin,Doudny,bdoudny6s@arizona.edu,Agender,5033081802,Germany,8/21/2024,69
246,Pavla,Brompton,pbrompton6t@vistaprint.com,Female,7183533697,China,8/16/2024,69
247,Kenon,Hatherall,khatherall6u@ucoz.ru,Male,6735124472,United States,10/6/2024,74
248,Emelda,Madgwich,emadgwich6v@mapquest.com,Female,1432394088,Bulgaria,6/30/2024,53
249,Bald,Portchmouth,bportchmouth6w@gov.uk,Male,2145193529,China,11/17/2024,75
250,Dagny,Bossom,dbossom6x@theglobeandmail.com,Non-binary,7778635100,Indonesia,6/3/2024,95
251,Cleon,Ruppele,cruppele6y@mysql.com,Male,8953260655,Russia,6/27/2024,78
252,Leroi,Verity,lverity6z@state.gov,Male,8995208783,China,10/30/2024,9
253,Ursala,Althorp,ualthorp70@senate.gov,Female,0697586243,Indonesia,6/11/2024,89
254,Anallese,Bloxsum,abloxsum71@who.int,Female,8661096839,South Korea,5/19/2024,53
255,Othilia,Dymond,odymond72@ft.com,Female,8393242185,Poland,10/25/2024,14
256,Selinda,Crees,screes73@tmall.com,Female,5829622645,China,1/19/2024,27
257,Alley,Wellan,awellan74@ovh.net,Male,2551727820,Vietnam,6/9/2024,38
258,Ann,Nelles,anelles75@toplist.cz,Female,6522249464,Peru,5/8/2024,4
259,Terri,Lefort,tlefort76@unblog.fr,Female,5270475758,Greece,9/11/2024,19
260,Abdel,Haggith,ahaggith77@irs.gov,Genderqueer,2643019474,China,8/11/2024,70
261,Isidora,Justice,ijustice78@sciencedirect.com,Female,8084030973,Indonesia,2/20/2024,7
262,Tiffanie,Broadberrie,tbroadberrie79@aboutads.info,Female,2052836454,Canada,5/5/2024,76
263,Jacquelyn,Kiln,jkiln7a@dot.gov,Female,8104296620,Japan,8/11/2024,53
264,Moyna,Ivannikov,mivannikov7b@drupal.org,Female,8848650236,Albania,11/27/2023,48
265,Rance,Hains,rhains7c@topsy.com,Male,7958931263,Canada,10/22/2024,33
266,Lucine,Guyonneau,lguyonneau7d@slate.com,Female,9221828700,China,9/16/2024,46
267,Ramsey,Devereux,rdevereux7e@symantec.com,Male,9802745502,Myanmar,7/5/2024,99
268,Bar,Guarin,bguarin7f@seesaa.net,Male,7308816141,Colombia,4/22/2024,53
269,Dulci,Morin,dmorin7g@addthis.com,Genderqueer,3782659252,Portugal,10/27/2024,95
270,Rosalinde,Siderfin,rsiderfin7h@ft.com,Female,1445650045,Portugal,5/27/2024,44
271,Augustine,Illston,aillston7i@telegraph.co.uk,Male,8316447517,South Africa,11/1/2024,55
272,Gisella,Hawke,ghawke7j@indiatimes.com,Genderfluid,6076026502,Mongolia,12/22/2023,11
273,Abelard,MacSwayde,amacswayde7k@springer.com,Male,6569448250,Armenia,10/20/2024,41
274,Wallie,Mildner,wmildner7l@cbslocal.com,Male,5089776261,Ukraine,3/14/2024,9
275,Charlot,Hintze,chintze7m@clickbank.net,Female,6716272038,Poland,12/1/2023,68
276,Rianon,Boldra,rboldra7n@livejournal.com,Female,7976549995,Portugal,12/4/2023,71
277,Madella,Melvin,mmelvin7o@home.pl,Female,1586419447,Brazil,7/17/2024,95
278,Evelin,Bilbey,ebilbey7p@accuweather.com,Male,3471572317,Guatemala,7/16/2024,93
279,Shayne,Caulcutt,scaulcutt7q@symantec.com,Female,8662411622,Philippines,1/10/2024,41
280,Artemas,Harragin,aharragin7r@hibu.com,Male,3781994066,China,8/7/2024,75
281,Michele,De Ambrosis,mdeambrosis7s@skyrock.com,Female,1498125425,China,11/23/2023,34
282,Pammy,Coleridge,pcoleridge7t@bigcartel.com,Female,8456224367,China,6/21/2024,27
283,Reggie,Hurley,rhurley7u@myspace.com,Polygender,8488988842,Poland,12/3/2023,93
284,Malva,Binyon,mbinyon7v@deliciousdays.com,Female,3532729490,Poland,3/14/2024,8
285,Matthus,Hardi,mhardi7w@ycombinator.com,Male,7478728928,China,12/7/2023,70
286,Melisse,Murrum,mmurrum7x@fema.gov,Female,6707017969,China,9/10/2024,5
287,Tomasina,Jankin,tjankin7y@webeden.co.uk,Polygender,8630857528,China,10/7/2024,80
288,Eleanore,Blower,eblower7z@va.gov,Female,3448901911,France,8/23/2024,69
289,Katharine,Mackie,kmackie80@ihg.com,Female,8583172005,Indonesia,1/4/2024,98
290,Gae,Churchouse,gchurchouse81@ihg.com,Female,9737215664,Honduras,7/20/2024,2
291,Jared,Abrahami,jabrahami82@cyberchimps.com,Male,7189729801,Mexico,11/22/2023,20
292,Wolf,Bonde,wbonde83@webmd.com,Male,8519856071,Poland,10/30/2024,47
293,Yettie,Leatham,yleatham84@slideshare.net,Female,8537877867,Cuba,4/26/2024,89
294,Diarmid,Riggott,driggott85@hugedomains.com,Male,4390829637,Finland,6/29/2024,80
295,Trevor,Chastney,tchastney86@sogou.com,Male,5259979435,Sweden,6/17/2024,74
296,Gilburt,Vasnev,gvasnev87@tumblr.com,Male,6093860442,India,10/19/2024,60
297,Gerti,Paulin,gpaulin88@answers.com,Female,1247426092,Philippines,3/8/2024,95
298,Cristian,Kimberley,ckimberley89@pinterest.com,Male,9055823554,Indonesia,9/5/2024,61
299,Rafael,Feely,rfeely8a@hud.gov,Male,9146502017,Russia,5/26/2024,3
300,Hanson,Martinovsky,hmartinovsky8b@163.com,Non-binary,4276702909,Portugal,4/22/2024,77
301,Eward,Sedgebeer,esedgebeer8c@devhub.com,Male,8868219026,Armenia,12/8/2023,21
302,Emmalynn,Cramphorn,ecramphorn8d@printfriendly.com,Female,5070464728,Poland,8/2/2024,1
303,Dahlia,Jura,djura8e@lulu.com,Female,6064484748,China,1/7/2024,84
304,Garland,Haye,ghaye8f@histats.com,Female,6636555769,Russia,7/19/2024,7
305,Zebulen,Leavens,zleavens8g@altervista.org,Male,8806084372,Indonesia,12/11/2023,14
306,Elka,O'Hanlon,eohanlon8h@java.com,Female,2800873744,China,2/18/2024,17
307,Hillie,Warrack,hwarrack8i@prweb.com,Male,2455125149,Sweden,7/19/2024,5
308,Bronson,Doe,bdoe8j@joomla.org,Male,9739049745,Indonesia,10/30/2024,82
309,Ali,Crame,acrame8k@dagondesign.com,Male,6415442996,Greece,3/25/2024,71
310,Ramon,Medlicott,rmedlicott8l@forbes.com,Male,5200367999,China,4/4/2024,59
311,Benyamin,Roylance,broylance8m@ycombinator.com,Male,1752520742,Portugal,4/19/2024,69
312,Finn,Norman,fnorman8n@biblegateway.com,Male,4092905815,Indonesia,9/30/2024,91
313,Morrie,Charville,mcharville8o@list-manage.com,Male,6073262329,Philippines,11/6/2024,79
314,Weber,McParlin,wmcparlin8p@geocities.jp,Male,4153535893,Indonesia,5/22/2024,68
315,Garrek,Eicheler,geicheler8q@usgs.gov,Male,6453592150,China,6/15/2024,16
316,Illa,Prestidge,iprestidge8r@reference.com,Female,9009898563,Poland,3/21/2024,28
317,Hy,Trytsman,htrytsman8s@cdc.gov,Polygender,9656529790,Indonesia,1/14/2024,46
318,Lem,Masedon,lmasedon8t@wikimedia.org,Male,6067632640,Netherlands,3/4/2024,75
319,Cicily,O'Fihillie,cofihillie8u@wikispaces.com,Female,1357782888,Ethiopia,1/7/2024,56
320,Levon,Worvill,lworvill8v@parallels.com,Male,6157421924,Russia,6/17/2024,21
321,Wini,Gozard,wgozard8w@barnesandnoble.com,Female,4410579363,United States,1/29/2024,4
322,Dion,Derges,dderges8x@buzzfeed.com,Female,0654493391,Russia,1/31/2024,36
323,Cassondra,Jedraszczyk,cjedraszczyk8y@unc.edu,Female,3289891429,China,12/24/2023,42
324,Nicko,Mountney,nmountney8z@pinterest.com,Male,5441582405,China,9/1/2024,24
325,Yorker,Fendlow,yfendlow90@hostgator.com,Male,6208107024,China,9/12/2024,48
326,Mirelle,Gianasi,mgianasi91@unblog.fr,Female,3763404414,Brazil,10/4/2024,13
327,Dennet,Carden,dcarden92@umich.edu,Male,0338413510,Cuba,10/23/2024,53
328,Shell,Wise,swise93@nifty.com,Male,0145698394,United States,3/9/2024,76
329,Danell,Arnoud,darnoud94@icq.com,Female,4756931707,Iran,11/2/2024,87
330,Adan,Seaward,aseaward95@abc.net.au,Female,7716907247,Argentina,10/7/2024,65
331,Katuscha,O'Grada,kograda96@wordpress.org,Non-binary,4069945881,China,6/22/2024,12
332,Rufus,Maffei,rmaffei97@rambler.ru,Male,4704875466,Russia,11/7/2024,95
333,Ches,Pourvoieur,cpourvoieur98@drupal.org,Male,9725609417,Argentina,1/24/2024,16
334,Carmella,Rabb,crabb99@nba.com,Female,6387809479,China,4/22/2024,76
335,Donielle,MacRinn,dmacrinn9a@irs.gov,Female,8180630099,Poland,5/30/2024,15
336,Filbert,Dikelin,fdikelin9b@cdc.gov,Male,8586093548,Indonesia,10/3/2024,29
337,Lexine,Yelding,lyelding9c@friendfeed.com,Polygender,7248637157,China,7/7/2024,57
338,Minnie,Balmann,mbalmann9d@google.co.jp,Female,8652955247,China,10/13/2024,92
339,Wynn,Prinne,wprinne9e@com.com,Genderfluid,8068803793,Russia,10/14/2024,69
340,Daryl,Labb,dlabb9f@msn.com,Male,4928664671,Spain,12/31/2023,77
341,Valene,Skellen,vskellen9g@de.vu,Female,2884769943,Indonesia,5/1/2024,61
342,Millie,Baignard,mbaignard9h@hao123.com,Female,2774455464,Portugal,6/25/2024,54
343,Adeline,Hattrick,ahattrick9i@alexa.com,Female,8187025743,Russia,6/18/2024,25
344,Sallie,Shackel,sshackel9j@etsy.com,Female,2351166310,Madagascar,9/29/2024,6
345,Tatiana,Canti,tcanti9k@examiner.com,Female,4679578785,Russia,5/11/2024,15
346,Packston,Harbertson,pharbertson9l@businessweek.com,Male,6617196678,Vietnam,8/18/2024,79
347,Carleton,Yakubovics,cyakubovics9m@google.ru,Male,8058362204,China,10/2/2024,79
348,Othello,Petrolli,opetrolli9n@behance.net,Male,0780730917,Indonesia,9/10/2024,26
349,Hillary,Brandino,hbrandino9o@go.com,Female,3032629756,Philippines,8/29/2024,88
350,Jobina,Josipovitz,jjosipovitz9p@loc.gov,Female,2157530185,Zambia,9/11/2024,75
351,Nerissa,Gilyatt,ngilyatt9q@livejournal.com,Female,7822367234,France,11/15/2024,83
352,Gratiana,Konert,gkonert9r@ftc.gov,Female,2680555368,Russia,3/6/2024,48
353,Cyndi,Morgen,cmorgen9s@ca.gov,Female,9183159495,China,2/29/2024,96
354,Barry,Cust,bcust9t@zdnet.com,Agender,9788655033,Czech Republic,9/30/2024,99
355,Liza,Schoolfield,lschoolfield9u@php.net,Female,8234023136,Malaysia,5/23/2024,60
356,Valaria,Plumridge,vplumridge9v@google.ru,Female,8013780368,Poland,10/26/2024,75
357,Carmel,Garment,cgarment9w@wired.com,Female,1694951863,Peru,7/17/2024,16
358,Milt,Westrope,mwestrope9x@tripod.com,Male,7720761766,Indonesia,7/3/2024,3
359,Bonita,Burlingame,bburlingame9y@vimeo.com,Female,8638376839,Indonesia,10/3/2024,27
360,Jabez,Anstis,janstis9z@fema.gov,Male,4077149584,Namibia,1/12/2024,80
361,Lyman,Pioli,lpiolia0@simplemachines.org,Male,4312119503,China,7/13/2024,51
362,Fabien,Dyos,fdyosa1@rambler.ru,Male,6461717269,Portugal,2/16/2024,54
363,Paulie,Sparshatt,psparshatta2@simplemachines.org,Female,0560146728,France,8/7/2024,40
364,Walt,Cooke,wcookea3@de.vu,Male,2590775253,Greece,1/29/2024,58
365,Lida,Godby,lgodbya4@lulu.com,Female,9273636381,Poland,6/22/2024,58
366,Hildegarde,Stoves,hstovesa5@fotki.com,Female,1556516274,Czech Republic,5/10/2024,95
367,Rab,Corteis,rcorteisa6@businesswire.com,Male,7306998080,Russia,12/24/2023,69
368,Melantha,Malsher,mmalshera7@ameblo.jp,Female,4461577880,Russia,4/10/2024,43
369,Ricky,Gersam,rgersama8@independent.co.uk,Female,7753849867,Japan,7/8/2024,33
370,Mikael,Malser,mmalsera9@narod.ru,Male,4187195092,Indonesia,4/30/2024,2
371,Farlay,Longega,flongegaaa@narod.ru,Male,2296641571,Dominican Republic,7/18/2024,42
372,Nicolina,Grinyer,ngrinyerab@si.edu,Female,9954211861,Indonesia,8/5/2024,87
373,Effie,Trousdell,etrousdellac@timesonline.co.uk,Female,4744362311,Madagascar,11/18/2024,92
374,Preston,Hambidge,phambidgead@zimbio.com,Male,1436424429,China,2/5/2024,68
375,Bethina,Shoebrook,bshoebrookae@cam.ac.uk,Female,5911385511,China,9/28/2024,79
376,Phelia,Pinckstone,ppinckstoneaf@list-manage.com,Female,9236876242,China,5/28/2024,53
377,Nevile,Bygate,nbygateag@adobe.com,Non-binary,2024762069,Palestinian Territory,6/29/2024,48
378,Malinda,Cramb,mcrambah@multiply.com,Female,5295181936,China,6/15/2024,87
379,Torre,McCue,tmccueai@hp.com,Male,1425731228,Portugal,2/29/2024,5
380,Angelita,Threadkell,athreadkellaj@cafepress.com,Female,5899647434,Greece,2/14/2024,24
381,Wainwright,Snookes,wsnookesak@cnn.com,Male,6340319246,China,8/26/2024,14
382,Rickert,Elms,relmsal@examiner.com,Male,3724322844,Iran,4/27/2024,95
383,Maurizio,Antram,mantramam@sciencedaily.com,Male,6041132055,Yemen,4/1/2024,8
384,Bab,Aldren,baldrenan@theatlantic.com,Female,9413911282,France,1/7/2024,87
385,Sabra,Gainsbury,sgainsburyao@addtoany.com,Female,6506607416,China,6/1/2024,1
386,Tabatha,Cleynaert,tcleynaertap@ibm.com,Female,2815376016,China,10/18/2024,6
387,Tabby,Forber,tforberaq@google.cn,Male,2440277436,Mali,7/17/2024,51
388,Vincenz,Loades,vloadesar@sakura.ne.jp,Male,2602767379,Laos,12/27/2023,5
389,Zachary,Fransson,zfranssonas@guardian.co.uk,Polygender,1884743773,Brazil,8/23/2024,63
390,Kalli,Stapforth,kstapforthat@archive.org,Female,2547949695,Israel,10/24/2024,55
391,Allina,Steaning,asteaningau@weebly.com,Female,3314524331,China,6/28/2024,26
392,Frasquito,Clericoates,fclericoatesav@alexa.com,Male,9260950627,Ukraine,12/15/2023,12
393,Mendel,Shirtcliffe,mshirtcliffeaw@booking.com,Male,3597676510,Brazil,4/22/2024,94
394,Louie,Fearney,lfearneyax@phpbb.com,Male,2108290842,Russia,9/13/2024,3
395,Ana,Mapstone,amapstoneay@amazon.com,Agender,0163984069,Poland,12/1/2023,34
396,Talbot,Larkings,tlarkingsaz@friendfeed.com,Male,6970734471,China,3/11/2024,25
397,Regina,Murkin,rmurkinb0@vk.com,Female,7534120780,Peru,8/17/2024,47
398,Way,Spyvye,wspyvyeb1@hubpages.com,Male,2101004046,China,1/17/2024,11
399,Roddy,Dibben,rdibbenb2@prlog.org,Genderqueer,7114200862,France,5/10/2024,5
400,Derick,Causnett,dcausnettb3@pbs.org,Male,6293542681,Indonesia,1/9/2024,21
401,Jabez,Aggis,jaggisb4@dot.gov,Male,9071750221,Japan,2/29/2024,42
402,Hagen,Khrishtafovich,hkhrishtafovichb5@dagondesign.com,Male,9361027158,Kazakhstan,1/11/2024,52
403,Eleanora,Parkman,eparkmanb6@nbcnews.com,Female,7986911522,Mexico,10/15/2024,9
404,Hazel,Sowter,hsowterb7@toplist.cz,Male,1092567771,Philippines,5/18/2024,9
405,Ivonne,Moreno,imorenob8@networkadvertising.org,Female,1702883388,United States,3/12/2024,76
406,Jacklin,Skocroft,jskocroftb9@illinois.edu,Female,9882820611,France,10/22/2024,35
407,Balduin,Gerrad,bgerradba@dailymotion.com,Agender,1402103956,Russia,4/11/2024,77
408,Randy,Downie,rdowniebb@github.com,Male,1591496330,Pakistan,8/6/2024,86
409,Marty,Vernham,mvernhambc@prweb.com,Female,8424879848,China,1/2/2024,20
410,Issi,Ivermee,iivermeebd@php.net,Female,5563248151,Ukraine,7/20/2024,45
411,Yetty,Whitwam,ywhitwambe@indiatimes.com,Bigender,9951672108,Indonesia,1/4/2024,31
412,Wilona,Reedshaw,wreedshawbf@sciencedirect.com,Female,8511972730,Russia,1/4/2024,8
413,Querida,Chippendale,qchippendalebg@washingtonpost.com,Female,8904428564,South Africa,6/22/2024,24
414,Dennet,Tritton,dtrittonbh@gnu.org,Male,2181903441,Indonesia,8/7/2024,18
415,Obadiah,Pelchat,opelchatbi@g.co,Male,4447776723,Russia,9/25/2024,98
416,Crysta,Pointing,cpointingbj@shareasale.com,Female,5960306905,China,10/19/2024,90
417,Myrilla,Warrillow,mwarrillowbk@linkedin.com,Female,9365040280,Ecuador,12/19/2023,56
418,Verile,Ianelli,vianellibl@geocities.com,Bigender,9756672773,France,12/23/2023,47
419,Gunar,Goldthorpe,ggoldthorpebm@parallels.com,Male,1098239970,Hungary,4/15/2024,56
420,Tyler,Kerwin,tkerwinbn@posterous.com,Male,6017062522,Thailand,4/26/2024,43
421,Noble,Fitchew,nfitchewbo@china.com.cn,Male,1042634149,Syria,11/26/2023,72
422,Anders,Thomasset,athomassetbp@globo.com,Male,6700733987,Indonesia,7/20/2024,17
423,Ritchie,MacGaughy,rmacgaughybq@webs.com,Male,6678179994,Azerbaijan,9/4/2024,44
424,Sawyer,Danzelman,sdanzelmanbr@cargocollective.com,Male,5943778837,South Africa,12/23/2023,49
425,Sonya,Yitzhakof,syitzhakofbs@edublogs.org,Female,2313282678,Portugal,6/3/2024,33
426,Pauly,Halford,phalfordbt@slate.com,Female,0622139053,Poland,4/13/2024,6
427,Rheta,Hidderley,rhidderleybu@people.com.cn,Non-binary,9763459893,China,1/3/2024,67
428,Courtnay,Mycock,cmycockbv@altervista.org,Genderqueer,0309681812,Indonesia,7/13/2024,65
429,Yurik,Baal,ybaalbw@macromedia.com,Male,2889564886,China,3/21/2024,64
430,Matthaeus,Head,mheadbx@bravesites.com,Polygender,9182322961,China,8/10/2024,79
431,Bethanne,Pymm,bpymmby@ca.gov,Female,1873808518,China,7/3/2024,35
432,Rosella,Clemente,rclementebz@home.pl,Female,2505810605,South Africa,2/11/2024,24
433,Kearney,Fardell,kfardellc0@washington.edu,Male,2214095241,Indonesia,5/7/2024,7
434,Perle,Troucher,ptroucherc1@woothemes.com,Female,8515501872,Poland,1/4/2024,27
435,Garret,Barbera,gbarberac2@shop-pro.jp,Male,9920656070,China,11/17/2024,55
436,Sarge,Orringe,sorringec3@examiner.com,Polygender,7425022923,Czech Republic,7/2/2024,15
437,Karena,Turland,kturlandc4@chron.com,Female,2340835585,Indonesia,5/18/2024,2
438,Brita,Cabane,bcabanec5@qq.com,Genderqueer,0690911386,Russia,4/26/2024,42
439,Dionysus,Gray,dgrayc6@etsy.com,Male,4900773093,China,1/5/2024,63
440,Rodrick,Bartosek,rbartosekc7@zimbio.com,Male,6855008461,Peru,1/18/2024,76
441,Luciana,Yakobowitch,lyakobowitchc8@abc.net.au,Female,8286677110,Egypt,8/24/2024,70
442,Gilbertine,Vasyutin,gvasyutinc9@mtv.com,Female,0543635694,Morocco,10/11/2024,95
443,Ophelie,Sorrie,osorrieca@bizjournals.com,Female,5623816894,Spain,12/4/2023,41
444,Emmy,Eke,eekecb@pcworld.com,Male,6813553216,Portugal,7/2/2024,34
445,Joni,Emburey,jembureycc@walmart.com,Female,3140547471,Iran,6/7/2024,85
446,Dosi,Seelbach,dseelbachcd@merriam-webster.com,Female,1088857086,Thailand,6/30/2024,51
447,Athena,Messier,amessierce@answers.com,Female,3861886782,Indonesia,5/10/2024,39
448,Elsey,Kedslie,ekedsliecf@amazon.com,Female,2022739388,Philippines,4/25/2024,1
449,Cynthia,Trayford,ctrayfordcg@chronoengine.com,Female,8952798996,China,8/21/2024,7
450,Vidovik,Cazalet,vcazaletch@e-recht24.de,Male,5393886292,Indonesia,7/10/2024,2
451,Tana,Haysman,thaysmanci@nationalgeographic.com,Female,2784340201,Colombia,9/8/2024,39
452,Randolph,Grime,rgrimecj@ustream.tv,Male,2727550308,Serbia,4/23/2024,42
453,Mattheus,Gosson,mgossonck@ted.com,Polygender,7672310283,North Korea,8/1/2024,34
454,Alexina,Pemberton,apembertoncl@nbcnews.com,Female,4898625789,China,7/16/2024,34
455,Maynord,Bilbrook,mbilbrookcm@geocities.jp,Male,9150819607,Greece,8/14/2024,47
456,Debor,Hagwood,dhagwoodcn@umich.edu,Female,8257515744,Cyprus,4/29/2024,21
457,Wash,Willcox,wwillcoxco@meetup.com,Male,3781655369,Nigeria,6/27/2024,47
458,Brion,Acklands,backlandscp@omniture.com,Non-binary,3885212455,Poland,2/6/2024,33
459,Bradly,Spragge,bspraggecq@edublogs.org,Male,7179624608,Russia,8/5/2024,86
460,Fleming,Pressnell,fpressnellcr@mapy.cz,Male,2092332481,Georgia,10/29/2024,84
461,Allie,Ivan,aivancs@ted.com,Male,1632503557,China,7/8/2024,96
462,Cleve,Vail,cvailct@tmall.com,Male,4165995231,Sweden,5/6/2024,44
463,Josephina,Stickland,jsticklandcu@illinois.edu,Female,0098378376,Russia,1/9/2024,7
464,Jayme,Jendrassik,jjendrassikcv@slate.com,Male,8521323018,Mauritius,11/9/2024,63
465,Gerome,De Michele,gdemichelecw@youtu.be,Male,9278687782,Portugal,11/18/2024,58
466,Lee,Chiles,lchilescx@ow.ly,Female,8689239545,United States,10/24/2024,32
467,Mickey,Kelmere,mkelmerecy@bluehost.com,Male,9216729376,Indonesia,10/14/2024,16
468,Cly,Van Bruggen,cvanbruggencz@yahoo.com,Male,8736188999,Portugal,6/18/2024,39
469,Kerianne,Kundt,kkundtd0@de.vu,Female,2961568536,Portugal,8/8/2024,84
470,Laurianne,Risborough,lrisboroughd1@imdb.com,Female,5559829943,China,2/12/2024,11
471,Ethel,Noddings,enoddingsd2@hexun.com,Genderqueer,7638761723,Iran,7/3/2024,73
472,Cammi,Malby,cmalbyd3@dailymail.co.uk,Female,9164975924,Jamaica,7/12/2024,60
473,Abran,Gooly,agoolyd4@goo.gl,Male,5285600499,Mauritania,10/17/2024,7
474,Sybil,Desson,sdessond5@dyndns.org,Female,1746237457,Canada,10/14/2024,78
475,Niccolo,Chessun,nchessund6@businessinsider.com,Genderqueer,7212787736,Japan,10/19/2024,69
476,Malinda,Brunelleschi,mbrunelleschid7@virginia.edu,Female,1050876067,Portugal,2/16/2024,54
477,Uriah,Lohan,ulohand8@google.de,Male,9649265511,Brazil,9/4/2024,86
478,Chelsae,Hadland,chadlandd9@tuttocitta.it,Female,5544146241,Russia,6/13/2024,67
479,Bran,Alchin,balchinda@wunderground.com,Male,6279526763,United States,5/30/2024,62
480,Carlie,Congreave,ccongreavedb@disqus.com,Male,8738983192,Indonesia,11/28/2023,61
481,Davey,Danford,ddanforddc@eventbrite.com,Male,2118921772,Indonesia,4/27/2024,63
482,Hobie,Kleinlerer,hkleinlererdd@lulu.com,Genderfluid,3710034779,Philippines,12/17/2023,23
483,Nancie,Headon,nheadonde@ask.com,Female,6887655330,Paraguay,2/9/2024,9
484,Cchaddie,Leyzell,cleyzelldf@macromedia.com,Male,6992624156,Argentina,10/14/2024,46
485,Sandy,Ruggieri,sruggieridg@bizjournals.com,Male,7899400422,Portugal,1/21/2024,90
486,Fara,Govern,fgoverndh@eepurl.com,Female,5194034695,Brazil,8/14/2024,95
487,Pall,Poulgreen,ppoulgreendi@about.com,Male,4424919900,China,9/9/2024,39
488,Marylin,Stote,mstotedj@globo.com,Female,4849443699,Philippines,1/10/2024,3
489,Sauncho,Croydon,scroydondk@weather.com,Male,6932445506,China,1/30/2024,89
490,Claudio,Monshall,cmonshalldl@google.de,Male,6900228194,China,12/16/2023,100
491,Yolanthe,Harly,yharlydm@marriott.com,Bigender,7450709880,Japan,8/7/2024,54
492,Sophie,Ciabatteri,sciabatteridn@woothemes.com,Female,8599445715,Brazil,11/15/2024,89
493,Will,Garlic,wgarlicdo@miibeian.gov.cn,Male,9020651455,Russia,12/17/2023,83
494,Mirilla,Yoxall,myoxalldp@pinterest.com,Female,1815263024,Philippines,5/17/2024,21
495,Jeth,Ridder,jridderdq@fastcompany.com,Male,1163377139,Indonesia,1/3/2024,2
496,Ginger,Warrender,gwarrenderdr@surveymonkey.com,Male,3597997716,New Zealand,2/1/2024,9
497,Trumaine,Cline,tclineds@cornell.edu,Male,0487433955,Portugal,11/4/2024,46
498,Clementine,McAndrew,cmcandrewdt@google.pl,Female,3794215230,Ethiopia,10/16/2024,56
499,Lucia,Tomalin,ltomalindu@dyndns.org,Non-binary,3245741421,Philippines,7/19/2024,37
500,Uri,Bonifacio,ubonifaciodv@trellian.com,Male,9622189504,China,7/23/2024,70
501,Cherilyn,Graysmark,cgraysmarkdw@msu.edu,Polygender,4438290007,Russia,9/4/2024,86
502,Steve,Bathoe,sbathoedx@ovh.net,Male,8715080021,Estonia,11/8/2024,99
503,Alysia,Fazzioli,afazziolidy@cdc.gov,Female,5234162486,Argentina,10/16/2024,82
504,Flinn,Aberkirdo,faberkirdodz@bbc.co.uk,Male,1045153435,Japan,4/27/2024,60
505,Corliss,Cattini,ccattinie0@geocities.com,Female,4927308359,China,12/16/2023,92
506,Augusto,Garretts,agarrettse1@economist.com,Male,8943033745,United Kingdom,3/16/2024,89
507,Dagny,Chin,dchine2@google.pl,Male,4616017050,Poland,10/26/2024,31
508,Koral,McClintock,kmcclintocke3@gizmodo.com,Female,7132586963,Slovenia,1/21/2024,47
509,Kennith,Besse,kbessee4@paginegialle.it,Male,1650664508,Portugal,6/10/2024,42
510,Anna-diana,Hollindale,ahollindalee5@feedburner.com,Female,0365521310,China,2/21/2024,59
511,Reed,Boschmann,rboschmanne6@washington.edu,Male,1261016998,Russia,7/19/2024,38
512,Carmine,Grishukhin,cgrishukhine7@myspace.com,Male,8081232974,Slovenia,3/29/2024,55
513,Anica,Fendley,afendleye8@cyberchimps.com,Female,0013046039,Brazil,5/16/2024,1
514,Elissa,Reddish,ereddishe9@java.com,Agender,9623511914,Uganda,6/23/2024,84
515,Fidela,Morsley,fmorsleyea@virginia.edu,Female,4466350949,United States,5/10/2024,82
516,Sydney,Sivil,ssivileb@feedburner.com,Female,9941482934,Yemen,11/27/2023,78
517,Eadith,Weson,ewesonec@icio.us,Female,5211413873,Yemen,7/31/2024,27
518,Imogen,Beatey,ibeateyed@pen.io,Female,3553443987,Argentina,5/3/2024,75
519,Mary,Spitell,mspitellee@skype.com,Genderqueer,2073426530,Philippines,2/10/2024,25
520,Sherrie,Paike,spaikeef@typepad.com,Female,4182770048,China,5/25/2024,47
521,Laureen,Heamus,lheamuseg@mozilla.com,Female,9154793998,Nigeria,11/22/2023,5
522,Chalmers,Garland,cgarlandeh@webs.com,Male,2054454591,Philippines,12/12/2023,9
523,Edythe,Schumacher,eschumacherei@fema.gov,Female,3408395322,Indonesia,1/19/2024,41
524,Arlana,Smitton,asmittonej@yolasite.com,Female,7647607200,Sudan,3/25/2024,28
525,Baxter,Arangy,barangyek@techcrunch.com,Male,3857302380,Bosnia and Herzegovina,4/8/2024,28
526,Malissia,McCurley,mmccurleyel@delicious.com,Female,3859457721,Iran,2/24/2024,66
527,Shea,Hefford,sheffordem@jalbum.net,Male,3817254512,China,6/15/2024,14
528,Yehudi,Churchman,ychurchmanen@acquirethisname.com,Male,6680020190,Japan,4/7/2024,36
529,Garland,O'Donovan,godonovaneo@reuters.com,Female,7969129633,Macedonia,10/12/2024,29
530,Gardie,Comettoi,gcomettoiep@istockphoto.com,Genderfluid,3247113150,Portugal,9/16/2024,62
531,Chiquita,Suff,csuffeq@columbia.edu,Female,0158044401,Brazil,12/30/2023,55
532,Michael,Wessing,mwessinger@earthlink.net,Genderqueer,4412742636,Philippines,5/10/2024,48
533,Collete,Slyde,cslydees@dailymail.co.uk,Female,8108189497,Philippines,8/1/2024,3
534,Orv,Ondrusek,oondruseket@sfgate.com,Male,5316827163,Bulgaria,6/21/2024,75
535,Hector,Lyfe,hlyfeeu@elpais.com,Male,3934958680,Portugal,2/12/2024,41
536,Olive,Bensen,obensenev@huffingtonpost.com,Agender,6652384523,Brazil,3/27/2024,92
537,Helenelizabeth,Tuddenham,htuddenhamew@slate.com,Female,6097563302,Egypt,9/2/2024,43
538,Isidor,Davidsohn,idavidsohnex@jigsy.com,Male,3191626298,China,6/4/2024,95
539,Jere,Saylor,jsaylorey@fotki.com,Male,5752485932,Indonesia,10/30/2024,16
540,Rodrique,Alvar,ralvarez@who.int,Male,1206233362,Georgia,9/9/2024,60
541,Matthew,Vernham,mvernhamf0@microsoft.com,Male,3269960212,Indonesia,10/9/2024,70
542,Maurita,Letham,mlethamf1@howstuffworks.com,Polygender,7163743076,Indonesia,6/3/2024,92
543,Audry,Momford,amomfordf2@techcrunch.com,Female,3210939802,Indonesia,5/29/2024,93
544,Madelena,Grishakov,mgrishakovf3@wisc.edu,Female,7046094616,Poland,12/31/2023,8
545,Heddie,Putterill,hputterillf4@businessinsider.com,Female,9357147802,Honduras,11/4/2024,71
546,Lin,Offen,loffenf5@cloudflare.com,Female,9330069037,China,9/28/2024,45
547,Annabella,Keenlayside,akeenlaysidef6@cpanel.net,Female,6032615456,China,8/7/2024,78
548,Fayre,Brinkley,fbrinkleyf7@google.co.jp,Female,8026461622,Ireland,2/22/2024,76
549,Dominga,Scedall,dscedallf8@samsung.com,Female,2921141000,China,4/8/2024,51
550,Chad,Parcells,cparcellsf9@npr.org,Genderqueer,3341883517,Indonesia,9/15/2024,60
551,Stuart,McPeeters,smcpeetersfa@blog.com,Male,8805286141,Colombia,3/2/2024,95
552,Hermione,Dumini,hduminifb@youtube.com,Female,2176537165,China,12/29/2023,58
553,Arleta,Street,astreetfc@ucsd.edu,Female,9514043006,Costa Rica,1/10/2024,18
554,Fonsie,Poppleton,fpoppletonfd@arizona.edu,Male,8197766800,Poland,10/10/2024,96
555,Keri,Reijmers,kreijmersfe@imageshack.us,Female,1501358685,Indonesia,4/10/2024,28
556,Darbee,Rodolf,drodolfff@elpais.com,Male,9602534141,Philippines,6/25/2024,61
557,Ban,Abels,babelsfg@rediff.com,Male,9566422245,China,3/11/2024,73
558,Briggs,De Ruel,bderuelfh@quantcast.com,Male,0304165514,Mexico,11/25/2023,26
559,Gale,Mokes,gmokesfi@uiuc.edu,Male,5903789013,Portugal,12/29/2023,18
560,Kerby,Romayne,kromaynefj@tumblr.com,Male,2982191431,Russia,11/13/2024,86
561,Maureene,Georgeau,mgeorgeaufk@youtube.com,Female,7162930212,Russia,4/6/2024,80
562,Robin,Klug,rklugfl@is.gd,Male,4208269693,Uruguay,2/18/2024,97
563,Rozele,Fish,rfishfm@gizmodo.com,Female,0366957023,Indonesia,12/21/2023,11
564,Aldon,Pioli,apiolifn@mapquest.com,Male,1662647107,Syria,8/27/2024,25
565,Vito,Smallacombe,vsmallacombefo@goo.gl,Male,9487844236,Peru,2/20/2024,65
566,Robin,Illes,rillesfp@twitter.com,Male,3737543623,Russia,11/10/2024,33
567,Chloris,Montacute,cmontacutefq@google.com.br,Female,2600055754,Sweden,10/1/2024,20
568,Rand,Griswood,rgriswoodfr@gizmodo.com,Male,2635335842,Indonesia,11/9/2024,45
569,Allister,Huntall,ahuntallfs@com.com,Genderqueer,9237510446,Morocco,3/5/2024,61
570,Langston,Fuidge,lfuidgeft@salon.com,Male,1887873252,Democratic Republic of the Congo,12/11/2023,88
571,Guillemette,McGuigan,gmcguiganfu@qq.com,Female,2077141689,Armenia,2/18/2024,5
572,Chris,Redshaw,credshawfv@unesco.org,Male,7741186671,Indonesia,9/18/2024,12
573,Larina,Hendrickx,lhendrickxfw@zimbio.com,Female,7529153145,Sweden,11/7/2024,15
574,Melinda,De Morena,mdemorenafx@senate.gov,Female,4173737246,China,7/23/2024,31
575,Genny,Reast,greastfy@blog.com,Female,9081201115,Italy,7/10/2024,94
576,Nappy,Mansion,nmansionfz@msn.com,Male,1110843453,Russia,1/20/2024,12
577,Silvanus,Manuaud,smanuaudg0@moonfruit.com,Male,9418420031,Colombia,8/27/2024,16
578,Aleksandr,Denson,adensong1@sakura.ne.jp,Male,4441927967,France,10/15/2024,97
579,Marshall,Hickeringill,mhickeringillg2@naver.com,Male,6138539095,China,11/4/2024,91
580,Emerson,Teenan,eteenang3@samsung.com,Male,7834008382,China,7/26/2024,80
581,Fabien,Bomb,fbombg4@facebook.com,Non-binary,8677612033,Thailand,6/25/2024,39
582,Wiatt,Ipgrave,wipgraveg5@howstuffworks.com,Male,0319749932,France,11/4/2024,54
583,Alfi,McCarrick,amccarrickg6@myspace.com,Female,5430964484,Brazil,4/17/2024,15
584,Deanna,Devenport,ddevenportg7@wp.com,Female,5636828071,Uzbekistan,3/13/2024,1
585,Patrizius,Burgh,pburghg8@unblog.fr,Male,7248848832,Iran,5/31/2024,69
586,Kippie,Pallin,kpalling9@discovery.com,Genderqueer,6684760385,China,8/26/2024,3
587,Atlanta,Feilden,afeildenga@amazon.co.uk,Female,3827224926,Vietnam,10/19/2024,60
588,Queenie,Capewell,qcapewellgb@ebay.com,Female,5053298556,Indonesia,4/24/2024,31
589,Arlyne,Vasilov,avasilovgc@bloomberg.com,Female,2641045796,China,5/9/2024,79
590,Camala,Pont,cpontgd@china.com.cn,Female,1104316420,Tunisia,11/10/2024,47
591,Duffie,Guitel,dguitelge@linkedin.com,Male,2944071777,China,6/25/2024,88
592,Peyton,Fuster,pfustergf@intel.com,Male,9075476299,Mexico,8/22/2024,1
593,Verine,Riley,vrileygg@studiopress.com,Female,8067135959,Colombia,10/23/2024,84
594,Shanan,Lethem,slethemgh@msn.com,Male,7976538888,Indonesia,1/4/2024,61
595,Tomasina,Whitley,twhitleygi@google.ca,Female,9940783868,United States,12/11/2023,87
596,Windy,Oakenford,woakenfordgj@live.com,Female,1685432077,China,3/25/2024,66
597,Amory,Denisyev,adenisyevgk@vk.com,Male,7994662218,China,5/27/2024,94
598,Ara,Towner,atownergl@squidoo.com,Male,4284312510,Syria,6/2/2024,29
599,Luce,Roderick,lroderickgm@mapquest.com,Male,8362966122,Bulgaria,7/11/2024,1
600,Tamqrah,Campagne,tcampagnegn@live.com,Female,5148283858,French Southern Territories,10/25/2024,75
601,Desi,Cheeney,dcheeneygo@yellowpages.com,Male,7986576391,China,7/5/2024,13
602,Johann,Reek,jreekgp@bluehost.com,Male,9716352905,France,9/21/2024,25
603,Petronella,Baumber,pbaumbergq@howstuffworks.com,Female,4795902542,Czech Republic,3/2/2024,80
604,Chic,Vernall,cvernallgr@reddit.com,Male,4928946707,Indonesia,9/23/2024,65
605,Antoni,Foulsham,afoulshamgs@360.cn,Male,2576519911,United Kingdom,11/25/2023,94
606,Fae,Godsafe,fgodsafegt@jimdo.com,Female,6235662629,China,7/9/2024,76
607,Peterus,Strowan,pstrowangu@usa.gov,Male,4453630824,Indonesia,11/28/2023,7
608,Trstram,Brandham,tbrandhamgv@nhs.uk,Male,0565558587,Philippines,6/4/2024,66
609,Daffie,Jagiello,djagiellogw@addtoany.com,Female,8454662464,Indonesia,11/19/2024,53
610,Odelle,Padgham,opadghamgx@nytimes.com,Female,6299038268,Syria,9/14/2024,100
611,Claudius,Klimpt,cklimptgy@ezinearticles.com,Male,0281325723,Netherlands,11/11/2024,97
612,Jobina,Blackaller,jblackallergz@ihg.com,Female,4022877782,Azerbaijan,5/28/2024,70
613,Rosalia,Pantin,rpantinh0@ebay.co.uk,Female,3214954245,Ireland,9/22/2024,12
614,Jobey,Goskar,jgoskarh1@auda.org.au,Female,0337017344,Indonesia,5/9/2024,13
615,Whitaker,Hallut,whalluth2@mail.ru,Male,3312648564,Nigeria,3/11/2024,46
616,Magdalen,Navan,mnavanh3@vinaora.com,Female,1720494355,Indonesia,1/21/2024,18
617,Claiborne,Enrigo,cenrigoh4@technorati.com,Male,0301685843,Paraguay,1/23/2024,33
618,Lura,Cherry,lcherryh5@mashable.com,Female,2768708135,Ethiopia,5/10/2024,53
619,Ade,Whyatt,awhyatth6@home.pl,Male,9244451646,United States,10/18/2024,10
620,Althea,Lithcow,alithcowh7@php.net,Female,4095300493,Armenia,9/26/2024,92
621,Cobbie,A'field,cafieldh8@smugmug.com,Male,2974037682,Latvia,11/29/2023,61
622,Niko,Haswall,nhaswallh9@taobao.com,Male,7891325219,Greece,6/19/2024,21
623,Mauricio,Gershom,mgershomha@cafepress.com,Male,6583705648,Philippines,7/22/2024,55
624,Linnell,Pawsey,lpawseyhb@sogou.com,Female,9608424674,Norway,2/12/2024,78
625,Urbano,Ballintyne,uballintynehc@comcast.net,Male,5129509390,Uruguay,6/10/2024,29
626,Willetta,Galea,wgaleahd@mozilla.com,Female,5036285255,Latvia,8/25/2024,37
627,Zacharia,Lawless,zlawlesshe@nymag.com,Male,6827049507,Poland,4/1/2024,69
628,Karita,Germain,kgermainhf@disqus.com,Female,1371755744,Brazil,10/31/2024,82
629,Lonna,Olwen,lolwenhg@nih.gov,Bigender,0037672533,United States,7/5/2024,8
630,Hadleigh,Pickerell,hpickerellhh@storify.com,Male,1510069143,Kyrgyzstan,3/12/2024,49
631,Mollie,Polak,mpolakhi@slideshare.net,Female,2151860299,China,11/29/2023,74
632,Dione,Gregh,dgreghhj@cnn.com,Female,5648071620,Philippines,9/13/2024,76
633,Lotta,Brambley,lbrambleyhk@webmd.com,Female,4575752096,China,5/25/2024,55
634,Giana,Lieber,glieberhl@meetup.com,Female,6282044286,Indonesia,7/7/2024,99
635,Whitby,Bleyman,wbleymanhm@t-online.de,Male,3961933839,China,7/11/2024,55
636,Whitney,Yexley,wyexleyhn@acquirethisname.com,Female,8574932000,Colombia,2/19/2024,85
637,Humfrey,Mc Dermid,hmcdermidho@baidu.com,Male,5959997452,Portugal,11/28/2023,62
638,Debby,Eliaz,deliazhp@oakley.com,Female,0689033680,Thailand,8/21/2024,71
639,Merill,Braidman,mbraidmanhq@mail.ru,Male,4988406458,Russia,11/30/2023,82
640,Barty,Ambrosch,bambroschhr@prweb.com,Male,1294070789,Nigeria,8/24/2024,23
641,Alair,Abbay,aabbayhs@edublogs.org,Bigender,5450488912,Indonesia,8/6/2024,20
642,Tremayne,Fellenor,tfellenorht@addthis.com,Male,3636189980,China,9/20/2024,71
643,Madelina,Horbart,mhorbarthu@diigo.com,Female,9670694078,China,10/4/2024,34
644,Gavin,Marskell,gmarskellhv@harvard.edu,Male,6140696747,Ireland,2/4/2024,17
645,Tracie,Gostall,tgostallhw@zimbio.com,Female,0091533848,Russia,10/21/2024,79
646,Walker,Kahen,wkahenhx@cafepress.com,Male,6097286457,South Korea,10/13/2024,46
647,Mathian,Dennant,mdennanthy@t.co,Male,7016185907,China,6/13/2024,9
648,Torrie,Whelpton,twhelptonhz@marketwatch.com,Female,2718767820,Indonesia,6/4/2024,53
649,Rurik,Kydd,rkyddi0@mediafire.com,Male,7071563659,Indonesia,5/11/2024,67
650,Tedd,Westhead,twestheadi1@mapy.cz,Male,9380872070,Indonesia,10/21/2024,51
651,Averil,Gallie,agalliei2@accuweather.com,Male,9008367955,China,4/27/2024,94
652,Coralie,Goodisson,cgoodissoni3@msn.com,Female,4030425267,Russia,9/24/2024,46
653,Sandy,Agdahl,sagdahli4@storify.com,Male,4392789500,Canada,10/9/2024,67
654,Dodi,Kremer,dkremeri5@phoca.cz,Female,4469873616,Indonesia,11/5/2024,80
655,Minda,Southcott,msouthcotti6@phpbb.com,Female,0006004903,China,6/21/2024,15
656,Lynett,Thody,lthodyi7@phpbb.com,Female,5699416676,Andorra,6/14/2024,53
657,Babbette,Eard,beardi8@sun.com,Female,9946095939,France,2/11/2024,20
658,Friedrick,Kik,fkiki9@xrea.com,Male,8416440506,China,11/2/2024,35
659,Prentiss,Spilsted,pspilstedia@aol.com,Male,9605673215,Ireland,12/5/2023,94
660,Delia,Thams,dthamsib@cnet.com,Female,7400591665,Poland,12/6/2023,44
661,Claudius,Klagge,cklaggeic@huffingtonpost.com,Male,4274717259,Portugal,10/22/2024,66
662,Baily,Eul,beulid@howstuffworks.com,Male,7779320006,China,9/28/2024,7
663,Lindsy,Perrott,lperrottie@goo.ne.jp,Female,5319631227,Indonesia,3/2/2024,50
664,Bartholemy,Di Franceschi,bdifranceschiif@jigsy.com,Male,1051670179,Syria,12/8/2023,17
665,Kym,Ceyssen,kceyssenig@reverbnation.com,Female,9578160119,China,5/26/2024,87
666,Leandra,Karlolczak,lkarlolczakih@archive.org,Female,1598417460,United States,10/8/2024,54
667,Bucky,Lathom,blathomii@telegraph.co.uk,Male,6351155649,Iceland,5/20/2024,55
668,Anica,Yakubov,ayakubovij@sfgate.com,Female,7118496863,China,7/20/2024,93
669,Margaretha,Beckinsall,mbeckinsallik@indiatimes.com,Genderqueer,5938032032,China,6/14/2024,13
670,Kippy,Wedmore,kwedmoreil@go.com,Male,9567593809,Japan,9/16/2024,70
671,Jemmie,Mazzeo,jmazzeoim@over-blog.com,Female,8154835312,Uruguay,11/19/2024,44
672,Alberik,Subhan,asubhanin@goodreads.com,Male,4986596470,Costa Rica,5/21/2024,29
673,Althea,Tommasi,atommasiio@pbs.org,Female,6810824790,Portugal,11/29/2023,8
674,Baird,Corradino,bcorradinoip@twitpic.com,Male,4656949868,Indonesia,4/24/2024,85
675,Kari,Muzzini,kmuzziniiq@accuweather.com,Female,0282746110,France,10/27/2024,8
676,Rivi,Dumphreys,rdumphreysir@qq.com,Female,8113621911,Belarus,7/23/2024,49
677,Donny,Artist,dartistis@theatlantic.com,Female,2132491763,Yemen,10/9/2024,35
678,Neala,Shaplin,nshaplinit@printfriendly.com,Female,0282083634,Russia,5/29/2024,91
679,Ker,McPolin,kmcpoliniu@dmoz.org,Genderfluid,7600368285,El Salvador,2/17/2024,64
680,Dilan,Brickwood,dbrickwoodiv@elegantthemes.com,Male,7645137797,Dominican Republic,5/1/2024,81
681,Collette,Jankovic,cjankoviciw@wired.com,Female,1601072694,Philippines,12/25/2023,20
682,Averil,McKevany,amckevanyix@howstuffworks.com,Female,0939856832,United Kingdom,11/30/2023,60
683,Carlie,Click,cclickiy@wordpress.org,Male,7118285765,China,9/5/2024,47
684,Tobi,Gooden,tgoodeniz@ca.gov,Female,2884526536,Portugal,12/20/2023,93
685,Bobinette,Doodson,bdoodsonj0@miitbeian.gov.cn,Genderqueer,6205302586,Portugal,9/6/2024,6
686,Jeni,Klug,jklugj1@dropbox.com,Female,0681296801,Peru,11/5/2024,28
687,Monika,Gon,mgonj2@cyberchimps.com,Female,5295504131,Brazil,7/3/2024,40
688,Bryant,Aplin,baplinj3@engadget.com,Male,1837622019,Canada,2/22/2024,77
689,Katine,Ferriday,kferridayj4@redcross.org,Female,4353649094,Czech Republic,10/20/2024,77
690,Whitney,Yendle,wyendlej5@comcast.net,Male,3772224814,Mexico,6/13/2024,25
691,Layton,Kinahan,lkinahanj6@w3.org,Male,8037363457,China,11/27/2023,81
692,Fergus,Tremelling,ftremellingj7@accuweather.com,Male,2157543791,South Korea,12/15/2023,78
693,Kellia,Rowden,krowdenj8@fc2.com,Female,8869734285,Haiti,1/22/2024,9
694,Aymer,Agget,aaggetj9@hostgator.com,Genderfluid,3109180111,Poland,6/12/2024,31
695,Brander,Turfus,bturfusja@opensource.org,Male,1097049922,Canada,8/17/2024,18
696,Coreen,Wyss,cwyssjb@opensource.org,Female,9665129694,Japan,8/2/2024,98
697,Patrice,Prestie,pprestiejc@umich.edu,Female,0414217705,China,10/24/2024,33
698,Danila,Maron,dmaronjd@discuz.net,Female,5357631050,Cyprus,8/27/2024,63
699,Allyn,Farrell,afarrellje@yolasite.com,Male,9701191196,China,2/5/2024,79
700,Erena,Vautrey,evautreyjf@ning.com,Female,5572198005,Indonesia,9/2/2024,72
701,Kamila,Jump,kjumpjg@blinklist.com,Female,2333686138,Poland,8/5/2024,31
702,Tomasine,DeSousa,tdesousajh@barnesandnoble.com,Female,9983493683,China,6/22/2024,86
703,Carena,Attwood,cattwoodji@privacy.gov.au,Female,5497332323,China,5/8/2024,68
704,Vlad,Applewhaite,vapplewhaitejj@github.com,Polygender,5773916789,Palestinian Territory,8/31/2024,70
705,Chrissie,Pischof,cpischofjk@arstechnica.com,Female,5442371149,Ukraine,2/12/2024,19
706,Lynna,Boutflour,lboutflourjl@home.pl,Female,8286590570,China,11/28/2023,54
707,Tisha,Mehaffey,tmehaffeyjm@bigcartel.com,Female,4171000858,Philippines,5/31/2024,82
708,Arvy,Crumbie,acrumbiejn@dot.gov,Male,0933363648,Zimbabwe,2/21/2024,97
709,Cthrine,Bennough,cbennoughjo@cafepress.com,Non-binary,8309820054,Philippines,9/27/2024,60
710,Culver,Brabham,cbrabhamjp@arizona.edu,Male,9535175912,Indonesia,7/7/2024,81
711,Myrilla,Cromarty,mcromartyjq@istockphoto.com,Female,3491936446,China,12/8/2023,80
712,Lorens,Laville,llavillejr@pinterest.com,Male,9033672510,Indonesia,2/22/2024,64
713,Baird,Millhill,bmillhilljs@weather.com,Male,3540531556,Norway,7/27/2024,70
714,Barbe,Bullman,bbullmanjt@yandex.ru,Female,8602544502,China,11/27/2023,75
715,Gonzalo,Bunn,gbunnju@state.gov,Male,6439886266,United States,3/28/2024,22
716,Karim,Von Welldun,kvonwelldunjv@europa.eu,Male,0878385983,Afghanistan,8/22/2024,75
717,Barris,Tufts,btuftsjw@booking.com,Male,8490845034,United States,4/22/2024,96
718,Bev,Coleson,bcolesonjx@admin.ch,Male,1804013080,United States,11/3/2024,42
719,Ebonee,Benito,ebenitojy@wix.com,Female,1258972352,Japan,7/28/2024,74
720,Bernie,Ingon,bingonjz@bbc.co.uk,Male,4292619468,Afghanistan,5/2/2024,72
721,Berthe,Spur,bspurk0@adobe.com,Female,3560950155,China,12/16/2023,71
722,Ilario,Stanyland,istanylandk1@wordpress.org,Bigender,3941544624,Indonesia,6/7/2024,10
723,Arte,Minister,aministerk2@e-recht24.de,Male,5662203989,Indonesia,1/27/2024,11
724,Venita,Sapwell,vsapwellk3@soup.io,Female,1914719859,China,4/9/2024,18
725,Kriste,Mulholland,kmulhollandk4@bandcamp.com,Female,7732737563,Indonesia,9/9/2024,56
726,Julio,Griffoen,jgriffoenk5@reuters.com,Male,6786626297,Brazil,12/12/2023,30
727,Anabal,Boulger,aboulgerk6@google.com.hk,Female,4276570026,Portugal,4/3/2024,45
728,Guntar,Wrought,gwroughtk7@ftc.gov,Male,3885486334,Greece,5/8/2024,57
729,Sauncho,Heggman,sheggmank8@biglobe.ne.jp,Male,3324157811,China,11/16/2024,8
730,Jacquette,Roger,jrogerk9@howstuffworks.com,Female,5173709898,Germany,2/8/2024,2
731,Alexandros,Juszczyk,ajuszczykka@pen.io,Male,7871229796,Egypt,1/24/2024,99
732,Lynda,Fay,lfaykb@howstuffworks.com,Female,5782877243,Netherlands,12/29/2023,89
733,Auria,Fennelow,afennelowkc@webeden.co.uk,Female,7181736205,Israel,1/22/2024,95
734,Titus,Prene,tprenekd@angelfire.com,Male,0396650686,France,11/12/2024,9
735,Deck,Marson,dmarsonke@simplemachines.org,Non-binary,9980360984,China,12/26/2023,68
736,Elnore,Jensen,ejensenkf@cmu.edu,Female,2844109659,China,3/3/2024,20
737,Krista,Lofthouse,klofthousekg@arizona.edu,Female,7898250842,Czech Republic,1/5/2024,22
738,Kalle,Lowthorpe,klowthorpekh@ocn.ne.jp,Genderfluid,5888348945,Sweden,6/22/2024,94
739,Gabriele,Gladden,ggladdenki@gravatar.com,Male,2654921263,Russia,1/11/2024,24
740,Roz,Spray,rspraykj@mayoclinic.com,Female,3798072507,Ethiopia,6/23/2024,76
741,Leland,Castelluzzi,lcastelluzzikk@wunderground.com,Male,0939550822,Russia,9/6/2024,10
742,Mechelle,Tolumello,mtolumellokl@phpbb.com,Female,6715301298,Sweden,8/27/2024,43
743,Kiley,Serotsky,kserotskykm@ycombinator.com,Male,7049518816,Kyrgyzstan,8/21/2024,17
744,Dominik,Petschel,dpetschelkn@geocities.com,Male,0994324758,Philippines,1/5/2024,57
745,Mollie,Rizon,mrizonko@ustream.tv,Female,5119128858,China,6/16/2024,63
746,Alameda,Ring,aringkp@hugedomains.com,Female,1200666186,Kenya,3/23/2024,12
747,Lauri,Wetherick,lwetherickkq@chronoengine.com,Female,8133057604,Indonesia,3/16/2024,86
748,Edmund,Medlar,emedlarkr@sbwire.com,Male,1726421155,Russia,8/26/2024,21
749,Shermy,Andell,sandellks@nyu.edu,Male,1793061327,Indonesia,5/21/2024,47
750,Matteo,Delmage,mdelmagekt@sina.com.cn,Male,9064860602,Russia,9/23/2024,31
751,Kenyon,Ardley,kardleyku@tinypic.com,Male,1585302740,Bolivia,10/4/2024,96
752,Carlin,Bradburne,cbradburnekv@qq.com,Male,5291052473,Portugal,4/28/2024,29
753,Maure,Solloway,msollowaykw@google.de,Female,1771477830,Czech Republic,11/3/2024,57
754,Anet,Mattheeuw,amattheeuwkx@slideshare.net,Female,0819223638,Indonesia,6/15/2024,6
755,Zelma,Larrington,zlarringtonky@illinois.edu,Female,7042731689,China,1/3/2024,48
756,Karina,Giabucci,kgiabuccikz@ask.com,Female,5532076146,Peru,12/13/2023,12
757,Peter,Kynge,pkyngel0@hhs.gov,Male,7236437522,Philippines,10/3/2024,44
758,Montague,Sherebrooke,msherebrookel1@geocities.jp,Male,5263212046,United States,8/29/2024,99
759,Lauralee,Mawdsley,lmawdsleyl2@paginegialle.it,Female,0116850957,Portugal,3/19/2024,49
760,Cherin,MacRury,cmacruryl3@nbcnews.com,Female,0347333885,Comoros,12/29/2023,67
761,Kienan,Ollerenshaw,kollerenshawl4@shop-pro.jp,Bigender,7436976605,Poland,4/10/2024,37
762,Eran,Corgenvin,ecorgenvinl5@surveymonkey.com,Female,6838555352,Slovenia,7/12/2024,52
763,Ossie,Alldred,oalldredl6@reverbnation.com,Male,3760870481,Brazil,11/8/2024,66
764,Salomone,Sharvill,ssharvilll7@gov.uk,Male,1794752978,China,1/25/2024,40
765,Billy,Zecchetti,bzecchettil8@umn.edu,Genderqueer,9443616238,Afghanistan,3/2/2024,47
766,Lenci,Laraway,llarawayl9@artisteer.com,Male,1700715739,Indonesia,4/30/2024,89
767,Adina,Blakeley,ablakeleyla@gizmodo.com,Female,3939658979,China,9/10/2024,89
768,Anderea,Evers,aeverslb@army.mil,Female,7533376439,Sweden,2/4/2024,34
769,Ardra,Broggetti,abroggettilc@hibu.com,Agender,9870864236,Russia,5/4/2024,8
770,Kingsly,Christofle,kchristofleld@blogs.com,Male,8806454900,Indonesia,5/25/2024,12
771,Jude,Musto,jmustole@meetup.com,Male,1041926332,China,1/20/2024,24
772,Ring,Gergely,rgergelylf@adobe.com,Male,7219778236,Russia,1/19/2024,31
773,Allina,Stirland,astirlandlg@amazon.de,Female,7882539783,United States,9/20/2024,4
774,Micah,Hambly,mhamblylh@deviantart.com,Male,8538012355,China,5/20/2024,53
775,Aleksandr,Le Moucheux,alemoucheuxli@pen.io,Male,6074452865,Indonesia,10/11/2024,70
776,Isidoro,Bowller,ibowllerlj@upenn.edu,Male,8422615487,Estonia,6/26/2024,73
777,Bamby,Degg,bdegglk@hibu.com,Female,2346605204,Brazil,3/5/2024,85
778,Dniren,Geraudy,dgeraudyll@epa.gov,Female,1793666784,Bahamas,9/4/2024,41
779,Kalvin,Annakin,kannakinlm@mashable.com,Male,6779053627,Indonesia,6/2/2024,52
780,Kittie,Willman,kwillmanln@fema.gov,Female,8153505734,Japan,7/10/2024,95
781,Jordan,Batey,jbateylo@patch.com,Female,9733689831,Senegal,11/4/2024,36
782,Claudio,Wanklyn,cwanklynlp@census.gov,Male,0316978515,Indonesia,3/10/2024,74
783,Jessy,Cumpsty,jcumpstylq@nyu.edu,Female,4318560120,China,3/6/2024,8
784,Luciano,Caddie,lcaddielr@google.cn,Male,9933928627,Brazil,2/11/2024,86
785,Romeo,Nott,rnottls@unblog.fr,Male,9798616529,South Africa,10/2/2024,71
786,Lenee,Stroyan,lstroyanlt@unesco.org,Female,5651356428,Indonesia,5/8/2024,91
787,Drusilla,Vlasin,dvlasinlu@typepad.com,Female,2046460499,Brazil,8/22/2024,60
788,Thorndike,Boliver,tboliverlv@economist.com,Male,3254669142,Brazil,4/18/2024,8
789,Benn,Ebdin,bebdinlw@ameblo.jp,Male,4192215128,Yemen,5/17/2024,97
790,Alric,Naire,anairelx@google.fr,Male,4078337481,Portugal,8/6/2024,92
791,Clemmy,Monelli,cmonellily@posterous.com,Male,6229869756,Malawi,3/11/2024,1
792,Reggy,Peteri,rpeterilz@wsj.com,Male,0933890427,Indonesia,9/17/2024,94
793,Starlin,Hutchence,shutchencem0@de.vu,Female,1124973494,Mexico,12/23/2023,70
794,Zachary,Maltby,zmaltbym1@mediafire.com,Male,3603025393,Malaysia,7/6/2024,25
795,Armstrong,Mancell,amancellm2@army.mil,Male,8821287017,Sweden,3/19/2024,97
796,Tiphanie,Bahde,tbahdem3@mail.ru,Female,8735862300,Indonesia,6/26/2024,97
797,Moria,Pharrow,mpharrowm4@ftc.gov,Female,7405182534,China,1/21/2024,28
798,Salem,Goldsby,sgoldsbym5@oaic.gov.au,Male,7504810983,China,5/5/2024,70
799,Johnna,Kalewe,jkalewem6@wordpress.org,Female,5600872887,Thailand,8/9/2024,57
800,Dorry,Collomosse,dcollomossem7@gizmodo.com,Female,0678111774,Nepal,7/28/2024,92
801,Lorrie,Bibey,lbibeym8@reuters.com,Male,1855311623,China,1/6/2024,55
802,Sam,Kovalski,skovalskim9@ucoz.ru,Male,6828484126,Russia,4/11/2024,42
803,Dag,Palatini,dpalatinima@tinyurl.com,Male,2963792506,Philippines,12/9/2023,81
804,Symon,ducarme,sducarmemb@cbsnews.com,Male,8200638588,Greece,3/10/2024,81
805,Eberhard,Luker,elukermc@quantcast.com,Male,4808578778,Brazil,8/31/2024,10
806,Donny,Frunks,dfrunksmd@homestead.com,Female,6053363642,Brazil,4/15/2024,40
807,Cullen,Gilbart,cgilbartme@netvibes.com,Polygender,1291167846,Brazil,3/27/2024,9
808,Eduardo,Poynton,epoyntonmf@prnewswire.com,Male,4153476900,Argentina,3/13/2024,58
809,Reinaldo,Gallemore,rgallemoremg@skyrock.com,Male,6232617916,China,12/14/2023,58
810,Pascale,Le Moucheux,plemoucheuxmh@latimes.com,Male,2018214888,Belarus,12/7/2023,51
811,Faunie,Fassum,ffassummi@who.int,Female,9201351933,Ukraine,3/17/2024,70
812,Rosanna,Legrave,rlegravemj@parallels.com,Female,4403481205,Peru,10/6/2024,33
813,Keven,Totterdell,ktotterdellmk@cbsnews.com,Male,0685514366,China,1/17/2024,81
814,Caldwell,Hammerberger,chammerbergerml@ihg.com,Male,2079953494,Croatia,11/18/2024,84
815,Ignacio,Machen,imachenmm@nyu.edu,Male,7991445410,China,12/11/2023,16
816,Bondie,Tribell,btribellmn@creativecommons.org,Male,1646398017,France,10/9/2024,13
817,Chaunce,Sineath,csineathmo@stumbleupon.com,Male,7728945009,Russia,2/25/2024,92
818,Wallie,Paute,wpautemp@yahoo.com,Female,9599843037,Poland,4/18/2024,8
819,Mayer,Gainsburgh,mgainsburghmq@discuz.net,Male,9607108337,Philippines,3/2/2024,76
820,Beatrisa,Grinter,bgrintermr@sina.com.cn,Genderfluid,5248786908,Philippines,2/19/2024,89
821,Ximenes,Seear,xseearms@mlb.com,Male,1534062874,Indonesia,10/23/2024,15
822,Friedrich,Ellicombe,fellicombemt@imgur.com,Male,3143065680,Argentina,1/6/2024,20
823,Giselle,Talton,gtaltonmu@businessweek.com,Female,6482841015,Indonesia,1/23/2024,32
824,Ulises,Sancroft,usancroftmv@exblog.jp,Male,3934586899,United States,12/13/2023,52
825,Ricca,Wimpenny,rwimpennymw@furl.net,Genderqueer,8688850518,Sweden,5/24/2024,39
826,Poppy,Millins,pmillinsmx@1und1.de,Female,4682853082,China,4/6/2024,61
827,Fancy,Rubenchik,frubenchikmy@twitter.com,Female,2691749169,Indonesia,9/12/2024,1
828,Darrell,Densumbe,ddensumbemz@i2i.jp,Male,9649188088,China,3/30/2024,29
829,Dal,Adaway,dadawayn0@npr.org,Non-binary,4508400027,Russia,2/20/2024,66
830,Pearla,Cornillot,pcornillotn1@microsoft.com,Female,1298698170,Indonesia,9/8/2024,87
831,Wye,Detheridge,wdetheridgen2@google.com.br,Male,8642800860,Ukraine,4/20/2024,52
832,Darryl,Turney,dturneyn3@networksolutions.com,Female,8378848477,Ukraine,11/14/2024,19
833,Foster,Grangier,fgrangiern4@ucoz.com,Male,1296666972,Portugal,5/27/2024,21
834,Kele,Avrahamy,kavrahamyn5@so-net.ne.jp,Male,5613059837,Indonesia,9/29/2024,90
835,Roddy,Bereford,rberefordn6@gizmodo.com,Male,2704787549,Indonesia,11/10/2024,23
836,Krissie,Neachell,kneachelln7@t-online.de,Female,7484361674,Bosnia and Herzegovina,4/8/2024,48
837,Delly,Gery,dgeryn8@blog.com,Female,8474427436,Afghanistan,2/18/2024,50
838,Reeva,Fivey,rfiveyn9@auda.org.au,Female,1803523689,Sweden,1/1/2024,31
839,Vinni,Jeskins,vjeskinsna@bizjournals.com,Female,7401000687,Cuba,8/13/2024,45
840,Benny,Chesterfield,bchesterfieldnb@cmu.edu,Male,2704081972,Ecuador,6/16/2024,44
841,Romona,Brunton,rbruntonnc@bizjournals.com,Female,7737653317,China,10/24/2024,66
842,Beatrix,Kapiloff,bkapiloffnd@devhub.com,Polygender,6377044208,China,8/23/2024,47
843,Morgun,Panyer,mpanyerne@prlog.org,Male,4784638296,Indonesia,7/17/2024,89
844,Kira,Pock,kpocknf@howstuffworks.com,Female,6738259034,Indonesia,7/20/2024,65
845,Orran,Lacoste,olacosteng@joomla.org,Agender,2895922713,Poland,10/27/2024,27
846,Jobey,Postgate,jpostgatenh@upenn.edu,Female,7663458680,Indonesia,1/7/2024,35
847,Humfrey,Flohard,hflohardni@chron.com,Male,7703208507,China,11/23/2023,86
848,Cecilius,Ogborne,cogbornenj@unc.edu,Male,0199427917,Poland,6/20/2024,58
849,Bianka,Attrill,battrillnk@bigcartel.com,Female,7736516057,Democratic Republic of the Congo,11/4/2024,39
850,Britney,Camilletti,bcamillettinl@mac.com,Female,5508412301,Brazil,9/16/2024,57
851,Douglass,Bernhardt,dbernhardtnm@twitter.com,Male,1103862774,Thailand,1/6/2024,34
852,Caitlin,Perotti,cperottinn@msu.edu,Female,6423826447,China,4/5/2024,17
853,Moria,Aimeric,maimericno@about.com,Female,9061082846,China,10/21/2024,70
854,Nissa,Crighton,ncrightonnp@ask.com,Female,4731855160,Russia,11/5/2024,97
855,Fernanda,Crispe,fcrispenq@dedecms.com,Polygender,5136762608,China,8/18/2024,12
856,Rossy,McLauchlin,rmclauchlinnr@cpanel.net,Male,9978068074,Switzerland,8/2/2024,51
857,Moses,Fewlass,mfewlassns@timesonline.co.uk,Male,6400800808,Indonesia,12/25/2023,27
858,Zia,Loyd,zloydnt@blog.com,Female,3188566816,Finland,11/5/2024,84
859,Maurie,Stendall,mstendallnu@qq.com,Male,2541455631,Madagascar,1/8/2024,15
860,Gisella,Willmont,gwillmontnv@exblog.jp,Female,7467820747,Ukraine,10/6/2024,41
861,Lauralee,Brookwood,lbrookwoodnw@comcast.net,Female,6556942227,Dominican Republic,12/31/2023,81
862,Dennet,Tod,dtodnx@weebly.com,Male,9089308180,France,7/11/2024,61
863,Ibby,Tutchings,itutchingsny@deliciousdays.com,Female,8013936562,Peru,12/4/2023,100
864,Friedrich,Buterton,fbutertonnz@vk.com,Male,8196290624,Peru,5/30/2024,70
865,Daphene,Balasin,dbalasino0@parallels.com,Bigender,7429669867,Brazil,12/28/2023,10
866,Scot,Bereford,sberefordo1@de.vu,Male,9184175052,China,6/12/2024,19
867,Rik,Booth-Jarvis,rboothjarviso2@scribd.com,Male,6313379403,Iran,10/25/2024,90
868,Jaymee,Lille,jlilleo3@hud.gov,Female,3136423488,China,1/30/2024,26
869,Shanan,Nuccitelli,snuccitellio4@seesaa.net,Male,6316912986,Canada,12/12/2023,73
870,Jae,Durdle,jdurdleo5@sciencedaily.com,Male,5945648205,China,4/2/2024,72
871,Isadore,Schwaiger,ischwaigero6@parallels.com,Male,1632903822,Portugal,5/29/2024,78
872,Wheeler,Du Fray,wdufrayo7@so-net.ne.jp,Male,6257624967,Mali,8/3/2024,30
873,Rose,D'Errico,rderricoo8@tumblr.com,Female,7826515580,Iran,12/22/2023,17
874,Henri,Bamlett,hbamletto9@ustream.tv,Male,6232875907,South Africa,11/7/2024,81
875,Cathleen,Berkery,cberkeryoa@marketwatch.com,Female,5166325559,Dominican Republic,10/28/2024,55
876,Rolf,Oxer,roxerob@statcounter.com,Male,7058366950,China,3/7/2024,39
877,Dallas,Quimby,dquimbyoc@vimeo.com,Male,3029140482,Tanzania,3/28/2024,55
878,Grove,Jeduch,gjeduchod@soundcloud.com,Male,2964207291,Indonesia,11/13/2024,69
879,Lavinia,Ligoe,lligoeoe@ow.ly,Female,9615990388,Morocco,1/27/2024,20
880,Marjory,Thonason,mthonasonof@dyndns.org,Genderqueer,5290205632,Ukraine,3/20/2024,66
881,Dita,Pilmer,dpilmerog@seattletimes.com,Female,9671537359,Indonesia,1/4/2024,62
882,Fay,Caston,fcastonoh@jigsy.com,Female,9920465178,Russia,6/28/2024,44
883,Alisun,Trussell,atrusselloi@eepurl.com,Female,8165172212,France,9/1/2024,54
884,Britni,Cressy,bcressyoj@statcounter.com,Female,2996628322,Norway,8/6/2024,46
885,Adore,Luis,aluisok@delicious.com,Female,3711128114,Madagascar,1/1/2024,47
886,Chas,Fines,cfinesol@un.org,Male,2065467223,Brazil,7/26/2024,21
887,Cyndie,Merredy,cmerredyom@dell.com,Genderqueer,0386782334,China,11/11/2024,49
888,Valentino,Mucklestone,vmucklestoneon@php.net,Male,3848701340,Brazil,5/3/2024,67
889,Chelsey,Attewill,cattewilloo@washingtonpost.com,Female,6344850515,Argentina,4/20/2024,4
890,Monro,Maulin,mmaulinop@washington.edu,Male,3989048104,China,9/18/2024,83
891,Christie,Loughead,clougheadoq@patch.com,Female,9121492956,Russia,9/28/2024,84
892,Cullen,Sawell,csawellor@naver.com,Male,5424360432,Serbia,12/18/2023,93
893,Licha,Gelly,lgellyos@fastcompany.com,Female,4647849988,New Zealand,10/27/2024,12
894,Ken,Gilkes,kgilkesot@desdev.cn,Male,8392996895,Japan,10/13/2024,79
895,Eduino,Knotte,eknotteou@delicious.com,Male,6343560572,China,6/16/2024,69
896,Artemas,Sopper,asopperov@ca.gov,Male,5543781970,Venezuela,7/24/2024,90
897,Kial,Torrans,ktorransow@reverbnation.com,Female,7089868168,Eritrea,1/1/2024,68
898,Deina,Dolby,ddolbyox@constantcontact.com,Female,3123167305,Japan,3/5/2024,92
899,Hewett,Ridge,hridgeoy@huffingtonpost.com,Male,3979463494,Russia,10/1/2024,94
900,Ardeen,Swatland,aswatlandoz@tinypic.com,Female,5662656835,Afghanistan,12/18/2023,52
901,Rudolf,Keddey,rkeddeyp0@nymag.com,Male,7159370945,East Timor,7/7/2024,47
902,Spense,Spires,sspiresp1@bloglovin.com,Male,9769787353,Russia,2/22/2024,53
903,Si,Landes,slandesp2@adobe.com,Male,1876620145,Venezuela,12/7/2023,46
904,Loella,Grief,lgriefp3@com.com,Agender,7723470835,Serbia,12/14/2023,84
905,Olympe,Jellman,ojellmanp4@istockphoto.com,Female,2364036445,Ukraine,12/31/2023,93
906,Brandais,Rylatt,brylattp5@mysql.com,Female,9837600446,Micronesia,10/12/2024,30
907,Dana,Salerg,dsalergp6@naver.com,Male,0619367407,Germany,9/15/2024,92
908,Rowan,Iddons,riddonsp7@feedburner.com,Male,7310333683,France,12/28/2023,12
909,Helena,Brahams,hbrahamsp8@youtu.be,Female,1115367250,Indonesia,8/18/2024,93
910,Minnaminnie,Lowfill,mlowfillp9@fotki.com,Female,6317732701,China,6/1/2024,83
911,Maegan,Lagen,mlagenpa@ox.ac.uk,Polygender,2695603460,Portugal,9/21/2024,91
912,Fern,Burless,fburlesspb@java.com,Genderqueer,4870265974,Indonesia,8/5/2024,64
913,Natale,Kindred,nkindredpc@reddit.com,Male,4242990707,Brazil,3/25/2024,69
914,Haskell,Baradel,hbaradelpd@sohu.com,Male,8444693537,Japan,4/10/2024,17
915,Sibilla,Danilewicz,sdanilewiczpe@macromedia.com,Female,5635814557,Colombia,12/13/2023,36
916,Dix,Smalridge,dsmalridgepf@jimdo.com,Female,9022951677,Poland,10/3/2024,88
917,Veriee,Frangello,vfrangellopg@twitter.com,Female,9890887711,Indonesia,11/6/2024,22
918,Kial,Tropman,ktropmanph@scientificamerican.com,Female,7334608828,China,4/9/2024,48
919,Donnamarie,Currall,dcurrallpi@hc360.com,Female,9412140134,Dominican Republic,2/7/2024,79
920,Kennan,Commander,kcommanderpj@cdc.gov,Male,1869479637,Jordan,7/18/2024,62
921,Ryun,Maddocks,rmaddockspk@google.de,Male,8934970766,Brazil,6/29/2024,90
922,Loren,Muffitt,lmuffittpl@slashdot.org,Female,5453478314,France,3/8/2024,33
923,Ricoriki,Blyden,rblydenpm@cornell.edu,Genderqueer,0729758974,Indonesia,11/30/2023,41
924,Ruggiero,Harbor,rharborpn@biblegateway.com,Male,8976310802,United Kingdom,3/16/2024,56
925,Fidela,Cisson,fcissonpo@dion.ne.jp,Female,8715505545,Greece,12/3/2023,5
926,Rowena,Tolson,rtolsonpp@cisco.com,Female,0846601133,Haiti,11/2/2024,78
927,Dev,Fontaine,dfontainepq@furl.net,Male,9799138280,Portugal,11/18/2024,83
928,Hanson,Coddrington,hcoddringtonpr@economist.com,Male,7875620368,China,11/21/2023,17
929,Sterne,Hairon,shaironps@nih.gov,Male,0743828410,Russia,2/1/2024,39
930,Taddeo,Laviss,tlavisspt@jigsy.com,Bigender,2850616796,Uruguay,1/28/2024,33
931,Cobb,Woodage,cwoodagepu@reference.com,Male,9075440332,Indonesia,5/22/2024,32
932,Maurizia,Harvard,mharvardpv@infoseek.co.jp,Female,7895423673,Portugal,8/1/2024,30
933,Palm,Stelfox,pstelfoxpw@pcworld.com,Male,9221730158,China,10/27/2024,80
934,Von,De Mattia,vdemattiapx@about.me,Male,6442985059,Sweden,9/30/2024,61
935,Niall,Hudless,nhudlesspy@meetup.com,Male,5581226563,Russia,8/24/2024,1
936,Bernie,Bedder,bbedderpz@vk.com,Agender,6378527377,Tanzania,5/4/2024,49
937,Yasmeen,Galloway,ygallowayq0@flickr.com,Female,5299732228,Indonesia,3/14/2024,57
938,Wyn,Keohane,wkeohaneq1@about.com,Male,8431389435,China,8/20/2024,10
939,Freddy,Dewar,fdewarq2@sina.com.cn,Female,5803863890,Colombia,4/21/2024,67
940,Nil,Davio,ndavioq3@google.cn,Male,7777941038,Sweden,2/23/2024,20
941,Gregorius,Vizard,gvizardq4@bloomberg.com,Male,5004698279,China,4/2/2024,56
942,Seka,Spriggen,sspriggenq5@census.gov,Female,8625635466,Sweden,9/3/2024,34
943,Annette,Milmith,amilmithq6@eepurl.com,Female,0818860308,Russia,8/27/2024,80
944,Milly,Juschka,mjuschkaq7@google.com.au,Genderqueer,5046456990,Indonesia,5/16/2024,84
945,Gav,Cockings,gcockingsq8@opera.com,Male,1354276744,Croatia,3/11/2024,24
946,Violante,Vogele,vvogeleq9@webmd.com,Polygender,4139876573,Russia,4/22/2024,33
947,Niko,Paradise,nparadiseqa@tmall.com,Male,5610728363,Bosnia and Herzegovina,12/28/2023,27
948,Drusi,Perham,dperhamqb@scribd.com,Female,0642779821,Indonesia,4/15/2024,68
949,Sloan,Jury,sjuryqc@hao123.com,Male,5289912738,Dominican Republic,8/25/2024,17
950,Jeffrey,Steade,jsteadeqd@icq.com,Male,7683712418,Philippines,2/20/2024,69
951,Porter,Castlake,pcastlakeqe@baidu.com,Male,4850514669,China,6/27/2024,96
952,Terrye,Tern,tternqf@ucoz.com,Female,8718528139,Philippines,4/28/2024,88
953,Ossie,Willarton,owillartonqg@bbc.co.uk,Male,3028488213,Poland,12/1/2023,60
954,Allan,Matveichev,amatveichevqh@bbb.org,Male,7931394054,Morocco,9/4/2024,66
955,Dean,Kardos-Stowe,dkardosstoweqi@google.cn,Male,9863839469,South Africa,9/14/2024,63
956,Archibald,Dalli,adalliqj@hatena.ne.jp,Male,2339354633,Honduras,2/17/2024,39
957,Alisha,Galley,agalleyqk@posterous.com,Genderfluid,8708571902,China,5/20/2024,72
958,Pepita,Justun,pjustunql@domainmarket.com,Female,0737452579,Brazil,3/2/2024,50
959,Derk,Hedaux,dhedauxqm@irs.gov,Male,2697649395,United States,2/5/2024,50
960,Lydie,Blunt,lbluntqn@macromedia.com,Female,3271943354,China,1/3/2024,85
961,Fransisco,Gumn,fgumnqo@trellian.com,Male,7445722289,Syria,1/5/2024,73
962,Sim,Jinkin,sjinkinqp@whitehouse.gov,Male,7558648068,Russia,6/27/2024,23
963,Venus,Kissack,vkissackqq@addthis.com,Agender,2599105412,Sweden,10/21/2024,78
964,Ad,Yankov,ayankovqr@nationalgeographic.com,Male,5804147323,Syria,2/3/2024,24
965,Nelia,Maryon,nmaryonqs@cargocollective.com,Female,7316775637,Indonesia,2/10/2024,66
966,Vincent,Dubock,vdubockqt@time.com,Male,5409503171,Philippines,9/12/2024,48
967,Rhonda,Spuffard,rspuffardqu@msu.edu,Female,3791860933,Philippines,9/15/2024,85
968,Johann,Balasini,jbalasiniqv@slideshare.net,Non-binary,4501717661,Vietnam,4/1/2024,82
969,Marje,Pestell,mpestellqw@woothemes.com,Female,1109521316,Philippines,7/6/2024,61
970,Curr,Brennen,cbrennenqx@storify.com,Male,3262083402,Brazil,1/29/2024,24
971,Randy,Cowwell,rcowwellqy@examiner.com,Male,4692043261,Czech Republic,11/5/2024,27
972,Carroll,Pordal,cpordalqz@kickstarter.com,Female,9842645010,Macedonia,3/19/2024,33
973,Silvia,Diaper,sdiaperr0@ask.com,Bigender,7676936675,Portugal,12/22/2023,79
974,Walt,Beverley,wbeverleyr1@mozilla.com,Male,9569733039,Japan,9/4/2024,97
975,Cesaro,Ebunoluwa,cebunoluwar2@drupal.org,Male,6454522326,China,11/24/2023,89
976,Nadine,Pedden,npeddenr3@diigo.com,Female,8678221585,Philippines,4/3/2024,25
977,Bellanca,Reven,brevenr4@mac.com,Genderfluid,0323015190,China,7/21/2024,60
978,Ebba,Hackworthy,ehackworthyr5@artisteer.com,Genderqueer,0262544261,Peru,6/28/2024,49
979,Marcille,Passman,mpassmanr6@cafepress.com,Agender,1797157744,United States,4/30/2024,90
980,Chrystal,Plaxton,cplaxtonr7@ameblo.jp,Female,5690074594,Togo,6/1/2024,86
981,Elisha,Walisiak,ewalisiakr8@sohu.com,Male,9707137444,Chile,8/2/2024,32
982,Keith,Mullord,kmullordr9@tumblr.com,Male,1852777168,Philippines,5/7/2024,28
983,Hilton,Leinweber,hleinweberra@nationalgeographic.com,Male,2382902701,Netherlands,9/27/2024,14
984,Anitra,Gillatt,agillattrb@clickbank.net,Female,3738822577,Indonesia,6/22/2024,8
985,Atlante,Cleverley,acleverleyrc@devhub.com,Female,5322690565,Bosnia and Herzegovina,6/22/2024,97
986,Berenice,Darrigoe,bdarrigoerd@microsoft.com,Female,3193134961,China,11/25/2023,49
987,Thorin,MacRanald,tmacranaldre@nps.gov,Male,8036446383,Sweden,5/1/2024,9
988,Selle,Given,sgivenrf@bizjournals.com,Female,3312888360,Indonesia,4/27/2024,30
989,Jill,Lukasik,jlukasikrg@godaddy.com,Female,8233116270,Japan,8/1/2024,22
990,Hy,Dadge,hdadgerh@un.org,Male,6819482728,China,12/19/2023,56
991,Grant,Schuricht,gschurichtri@wordpress.org,Male,7692198896,Madagascar,12/7/2023,9
992,Kort,Tomik,ktomikrj@shutterfly.com,Non-binary,3874372251,Philippines,2/14/2024,27
993,Thorin,Hocking,thockingrk@slideshare.net,Male,5070431870,Albania,4/18/2024,29
994,Brandi,Troutbeck,btroutbeckrl@unesco.org,Female,6327027369,Philippines,5/26/2024,67
995,Sammy,Ertelt,serteltrm@exblog.jp,Genderqueer,7957704948,Cyprus,11/12/2024,51
996,Angelina,Illiston,aillistonrn@webeden.co.uk,Female,9402167250,Indonesia,2/28/2024,2
997,Torie,Paulusch,tpauluschro@google.ru,Female,9706565124,Russia,12/15/2023,91
998,Enrico,Raincin,eraincinrp@rambler.ru,Male,0603125522,Indonesia,5/14/2024,7
999,Papageno,Santostefano.,psantostefanorq@163.com,Genderfluid,4083849452,Ukraine,1/29/2024,84
1000,Marsh,Blankhorn,mblankhornrr@ezinearticles.com,Male,5970515272,Portugal,6/30/2024,99
